"PointID","x","y","Density","Momentum_x","Momentum_y","Energy","Nu_Tilde","Pressure","Temperature","Mach","Pressure_Coefficient","Velocity_x","Velocity_y","Laminar_Viscosity","Skin_Friction_Coefficient_x","Skin_Friction_Coefficient_y","Heat_Flux","Y_Plus","Eddy_Viscosity","Residual_Density","Residual_Momentum_x","Residual_Momentum_y","Residual_Energy","Residual_Nu_Tilde","Vorticity","Q_Criterion","Delta_Time","CFL","Turb_Delta_Time","Turb_CFL","Orthogonality","Aspect_Ratio","Volume_Ratio"
0, 0.000000000000000e+00, 0.000000000000000e+00, 7.029614806729249e-02, 0.000000000000000e+00, 0.000000000000000e+00, 1.509537291590052e+04, 0.000000000000000e+00, 6.038149166360207e+03, 2.992282927845620e+02, 0.000000000000000e+00, 5.770066309769766e-01, 0.000000000000000e+00, 0.000000000000000e+00, 1.842262449296555e-05, -6.953365269001389e-03, -7.574410558920315e-03, -1.003313304287435e+02, 1.135036566773571e+00, 0.000000000000000e+00, 5.507087895927258e-08, -0.000000000000000e+00, -0.000000000000000e+00, 5.445080892336307e-03, -0.000000000000000e+00, 5.355929456544163e+05, -4.780707472345276e+08, 3.810516881689014e-08, 2.531607465480147e+00, 3.810516881689014e-08, 2.531607465480147e+00, 8.765335759743482e+01, 7.454419275163692e+02, 1.199334316216661e+00
1, -2.877496535856641e-03, -1.992678699380102e-02, 5.157448001486291e-02, 0.000000000000000e+00, 0.000000000000000e+00, 1.104333991329502e+04, 0.000000000000000e+00, 4.417335965318008e+03, 2.983705250592999e+02, 0.000000000000000e+00, -1.111757492577171e+00, 0.000000000000000e+00, 0.000000000000000e+00, 1.838195794871235e-05, 2.250209232577838e-03, -8.801944886715582e-03, -5.797423400939260e+01, 8.485198033373317e-01, 0.000000000000000e+00, 2.822220555221735e-07, -0.000000000000000e+00, -0.000000000000000e+00, 5.019153984464575e-02, -0.000000000000000e+00, 4.744368557167301e+05, -4.451071735508118e+08, 3.655562839076123e-08, 3.037928958576162e+00, 3.655562839076123e-08, 3.037928958576162e+00, 8.737419234065204e+01, 1.490816670627237e+03, 2.313821506132244e+00
2, 1.005440597608634e+00, 2.826559470844386e-01, 6.421583261965344e-02, 0.000000000000000e+00, 0.000000000000000e+00, 1.394589479434692e+04, 0.000000000000000e+00, 5.578357917738766e+03, 3.026178931096127e+02, 0.000000000000000e+00, 9.793910826876394e-02, 0.000000000000000e+00, 0.000000000000000e+00, 1.858277212585575e-05, 8.956885793438423e-04, 1.543882648763220e-03, -2.465907646110677e+01, 4.136547990380878e-01, 0.000000000000000e+00, 9.074368391999551e-07, -0.000000000000000e+00, -0.000000000000000e+00, 1.876450259247431e-02, -0.000000000000000e+00, 9.221756056089370e+04, -7.647713320671558e+06, 3.500789371420915e-08, 2.531607465480147e+00, 3.500789371420915e-08, 2.531607465480147e+00, 8.797279071108650e+01, 1.460266112202674e+03, 2.519094561859398e+00
3, 1.004774312148610e+00, 2.997975726344208e-01, 5.921383150940403e-02, 0.000000000000000e+00, 0.000000000000000e+00, 1.298017841525424e+04, 0.000000000000000e+00, 5.192071366101695e+03, 3.054554195486620e+02, 0.000000000000000e+00, -3.045421088120611e-01, 0.000000000000000e+00, 0.000000000000000e+00, 1.871616434904350e-05, -1.447814256353917e-03, 1.298896901440322e-03, -1.361865470901994e+01, 4.421958933708366e-01, 0.000000000000000e+00, 3.506505938105511e-07, -0.000000000000000e+00, -0.000000000000000e+00, 1.060189595250416e-02, -0.000000000000000e+00, 9.974847908639730e+04, -1.375745808106518e+07, 4.485322548109920e-08, 3.037928958576162e+00, 4.485322548109920e-08, 3.037928958576162e+00, 8.773401114470425e+01, 6.967392426157911e+02, 1.207291409512669e+00
4, 1.653562095843103e-02, 2.951790002259478e-03, 7.511726938327956e-02, 0.000000000000000e+00, 0.000000000000000e+00, 1.618033834156821e+04, 0.000000000000000e+00, 6.472135336627284e+03, 3.001498585667257e+02, 0.000000000000000e+00, 1.029187224023997e+00, 0.000000000000000e+00, 0.000000000000000e+00, 1.846625255988102e-05, -5.433271884831654e-04, 1.053724477522488e-04, 1.553510191522491e+00, 2.515428496385891e-01, 0.000000000000000e+00, 1.163931501639443e-07, -0.000000000000000e+00, -0.000000000000000e+00, -2.096117286633614e-03, -0.000000000000000e+00, 2.878027564849940e+04, -1.319901362653255e+06, 3.524635569944420e-08, 2.531607465480147e+00, 3.524635569944420e-08, 2.531607465480147e+00, 8.735036819218132e+01, 1.232086301252086e+03, 2.313058910202127e+00
5, 9.910658818465367e-01, 2.974411624593092e-01, 6.205503547726634e-02, 0.000000000000000e+00, 0.000000000000000e+00, 1.366461904483132e+04, 0.000000000000000e+00, 5.465847617932525e+03, 3.068391965711028e+02, 0.000000000000000e+00, -1.928806986683311e-02, 0.000000000000000e+00, 0.000000000000000e+00, 1.878099591539135e-05, 6.034887946138862e-03, 6.609595603327463e-03, -6.411127215673105e+01, 9.050398171478525e-01, 0.000000000000000e+00, 8.621159268875687e-07, -0.000000000000000e+00, -0.000000000000000e+00, 4.511900797757784e-02, -0.000000000000000e+00, -4.574976341116473e+05, -5.720070196023102e+08, 3.488930802011065e-08, 2.531607465480147e+00, 3.488930802011065e-08, 2.531607465480147e+00, 8.690564974548836e+01, 1.196648473353432e+03, 2.547658791720575e+00
556, -3.787601109813178e-03, -9.510020147297939e-03, 5.696722075303375e-02, 0.000000000000000e+00, 0.000000000000000e+00, 1.220620046495064e+04, 0.000000000000000e+00, 4.882480185980255e+03, 2.985697487560370e+02, 0.000000000000000e+00, -6.271125799938703e-01, 0.000000000000000e+00, 0.000000000000000e+00, 1.839140815355829e-05, -1.939021652502942e-03, -1.342780815348275e-02, -1.439809360673447e+02, 1.111872905540508e+00, 0.000000000000000e+00, 1.276634825357415e-07, -0.000000000000000e+00, -0.000000000000000e+00, 2.137970021903879e-02, -0.000000000000000e+00, 7.080119918129242e+05, -6.255715591430664e+04, 3.511652631125029e-08, 2.531607465480147e+00, 3.511652631125029e-08, 2.531607465480147e+00, 8.978046374225706e+01, 8.706118751926246e+02, 1.021918033355384e+00
557, 4.743663748125058e-03, -4.288101605576321e-02, 5.331061162868236e-02, 0.000000000000000e+00, 0.000000000000000e+00, 1.140669372652245e+04, 0.000000000000000e+00, 4.562677490608978e+03, 2.981511248737338e+02, 0.000000000000000e+00, -9.603226736750281e-01, 0.000000000000000e+00, 0.000000000000000e+00, 1.837154712091301e-05, 2.651521930135044e-03, -6.455168517520417e-03, -2.653681892853707e+01, 7.531655048960901e-01, 0.000000000000000e+00, 3.757263235039786e-07, -0.000000000000000e+00, -0.000000000000000e+00, 6.273555558228716e-02, -0.000000000000000e+00, 3.645706023711101e+05, -1.744029461441040e+05, 3.755650382113257e-08, 3.037928958576162e+00, 3.755650382113257e-08, 3.037928958576162e+00, 8.997666059893966e+01, 2.090303673703140e+03, 1.001311153683738e+00
558, 1.547019686340119e-02, -6.459451214211770e-02, 5.260853124698741e-02, 0.000000000000000e+00, 0.000000000000000e+00, 1.124545174012363e+04, 0.000000000000000e+00, 4.498180696049451e+03, 2.978592321879079e+02, 0.000000000000000e+00, -1.027523429854910e+00, 0.000000000000000e+00, 0.000000000000000e+00, 1.835769065736306e-05, 2.835046119426594e-03, -5.201604458244449e-03, -1.599431039229909e+01, 6.887764112277764e-01, 0.000000000000000e+00, 2.964717797817854e-07, -0.000000000000000e+00, -0.000000000000000e+00, 4.748819476099375e-02, -0.000000000000000e+00, 3.097158607426677e+05, -1.138550730133057e+04, 4.436586512782907e-08, 3.645514750291386e+00, 4.436586512782907e-08, 3.645514750291386e+00, 8.998781891443451e+01, 2.095348714499909e+03, 1.000228454164958e+00
559, 2.790752328518011e-02, -8.538093667873475e-02, 5.228828438583555e-02, 0.000000000000000e+00, 0.000000000000000e+00, 1.116821024373639e+04, 0.000000000000000e+00, 4.467284097494556e+03, 2.976250799666779e+02, 0.000000000000000e+00, -1.059715336452050e+00, 0.000000000000000e+00, 0.000000000000000e+00, 1.834657042871850e-05, 2.856781038506897e-03, -4.452006492222180e-03, -1.204210948740223e+01, 6.490631999608477e-01, 0.000000000000000e+00, 2.924821795364426e-07, -0.000000000000000e+00, -0.000000000000000e+00, 4.733319437140654e-02, -0.000000000000000e+00, 2.767228599719690e+05, -2.319674375152588e+04, 4.409459303182640e-08, 3.645514750291386e+00, 4.409459303182640e-08, 3.645514750291386e+00, 8.999086144397984e+01, 2.096265400408371e+03, 1.000079165600760e+00
560, 4.162196494539826e-02, -1.053494176510786e-01, 5.179173044622860e-02, 0.000000000000000e+00, 0.000000000000000e+00, 1.105502861308982e+04, 0.000000000000000e+00, 4.422011445235928e+03, 2.974334344150953e+02, 0.000000000000000e+00, -1.106885997983776e+00, 0.000000000000000e+00, 0.000000000000000e+00, 1.833746574182771e-05, 2.918566650672892e-03, -4.005095988544748e-03, -1.069370867484643e+01, 6.254908053629390e-01, 0.000000000000000e+00, 2.898151601289467e-07, -0.000000000000000e+00, -0.000000000000000e+00, 4.829565884981754e-02, -0.000000000000000e+00, 2.593752001642596e+05, -7.251437816619873e+03, 4.368866246078888e-08, 3.645514750291386e+00, 4.368866246078888e-08, 3.645514750291386e+00, 8.999196113064113e+01, 2.096546129716874e+03, 1.000041613636544e+00
561, 5.642987547460362e-02, -1.245216423780146e-01, 5.130701399983817e-02, 0.000000000000000e+00, 0.000000000000000e+00, 1.094594247708761e+04, 0.000000000000000e+00, 4.378376990835044e+03, 2.972807295589313e+02, 0.000000000000000e+00, -1.152349781901434e+00, 0.000000000000000e+00, 0.000000000000000e+00, 1.833020900855611e-05, 2.993169789077224e-03, -3.669140770906966e-03, -9.990704703943585e+00, 6.087663210409734e-01, 0.000000000000000e+00, 2.882352910558526e-07, -0.000000000000000e+00, -0.000000000000000e+00, 4.977959214912352e-02, -0.000000000000000e+00, 2.479307701116822e+05, -7.383665779113770e+03, 4.329379296538452e-08, 3.645514750291386e+00, 4.329379296538452e-08, 3.645514750291386e+00, 8.999238471912351e+01, 2.096643653998680e+03, 1.000029721047327e+00
562, 7.223721319981057e-02, -1.428787472573131e-01, 5.087545889807943e-02, 0.000000000000000e+00, 0.000000000000000e+00, 1.084931992382050e+04, 0.000000000000000e+00, 4.339727969528199e+03, 2.971560062648310e+02, 0.000000000000000e+00, -1.192619123582210e+00, 0.000000000000000e+00, 0.000000000000000e+00, 1.832428065298935e-05, 3.053052909872238e-03, -3.361947235997535e-03, -9.342701274901405e+00, 5.938536831723574e-01, 0.000000000000000e+00, 2.844448016293396e-07, -0.000000000000000e+00, -0.000000000000000e+00, 5.082683221167605e-02, -0.000000000000000e+00, 2.378601041128456e+05, -7.181890033721924e+03, 4.294293227260265e-08, 3.645514750291386e+00, 4.294293227260265e-08, 3.645514750291386e+00, 8.999247942152094e+01, 2.096661902429811e+03, 1.000029231957168e+00
563, 8.899059606382151e-02, -1.603767119816364e-01, 5.049682364373594e-02, 0.000000000000000e+00, 0.000000000000000e+00, 1.076485534741976e+04, 0.000000000000000e+00, 4.305942138967903e+03, 2.970533634022611e+02, 0.000000000000000e+00, -1.227821390257987e+00, 0.000000000000000e+00, 0.000000000000000e+00, 1.831940091998205e-05, 3.074108424083538e-03, -3.044023631218141e-03, -8.556687630509879e+00, 5.776149111858080e-01, 0.000000000000000e+00, 2.784382983667126e-07, -0.000000000000000e+00, -0.000000000000000e+00, 5.162548104021844e-02, -0.000000000000000e+00, 2.266531729396175e+05, -7.369766094207764e+03, 4.263525872728467e-08, 3.645514750291386e+00, 4.263525872728467e-08, 3.645514750291386e+00, 8.999240614490631e+01, 2.096641774601165e+03, 1.000033292623943e+00
564, 1.066523956246013e-01, -1.769571251547933e-01, 5.018227344378401e-02, 0.000000000000000e+00, 0.000000000000000e+00, 1.069471225135909e+04, 0.000000000000000e+00, 4.277884900543636e+03, 2.969676266468220e+02, 0.000000000000000e+00, -1.257054899478198e+00, 0.000000000000000e+00, 0.000000000000000e+00, 1.831532429113337e-05, 3.017534832393405e-03, -2.681683528192315e-03, -7.377990725177107e+00, 5.563622526438067e-01, 0.000000000000000e+00, 2.699697117905059e-07, -0.000000000000000e+00, -0.000000000000000e+00, 5.251634631173637e-02, -0.000000000000000e+00, 2.115448377169258e+05, -1.839059024810791e+03, 4.238047662200215e-08, 3.645514750291386e+00, 4.238047662200215e-08, 3.645514750291386e+00, 8.999221806636857e+01, 2.096594730787790e+03, 1.000036189726326e+00
565, 1.251923196832133e-01, -1.925491876329918e-01, 5.006426308133732e-02, 0.000000000000000e+00, 0.000000000000000e+00, 1.066676484732574e+04, 0.000000000000000e+00, 4.266705938930294e+03, 2.968897675471807e+02, 0.000000000000000e+00, -1.268702527532474e+00, 0.000000000000000e+00, 0.000000000000000e+00, 1.831162173585514e-05, 2.910777860101254e-03, -2.311303244105810e-03, -6.040842306658518e+00, 5.333394259646110e-01, 0.000000000000000e+00, 2.512374192406534e-07, -0.000000000000000e+00, -0.000000000000000e+00, 5.180711485340418e-02, -0.000000000000000e+00, 1.948088508308283e+05, -7.939076629638672e+03, 4.229129954172482e-08, 3.645514750291386e+00, 4.229129954172482e-08, 3.645514750291386e+00, 8.999197273232072e+01, 2.096529694727667e+03, 1.000039652902828e+00
566, 1.445798572324741e-01, -2.070734271428556e-01, 4.995568528045655e-02, 0.000000000000000e+00, 0.000000000000000e+00, 1.064210116831078e+04, 0.000000000000000e+00, 4.256840467324309e+03, 2.968470920819694e+02, 0.000000000000000e+00, -1.278981598864949e+00, 0.000000000000000e+00, 0.000000000000000e+00, 1.830959212297101e-05, 2.820900847212120e-03, -1.987667633124080e-03, -4.953560823278250e+00, 5.134160886499186e-01, 0.000000000000000e+00, 2.866676156533182e-07, -0.000000000000000e+00, -0.000000000000000e+00, 6.410906930829437e-02, -0.000000000000000e+00, 1.808882101812692e+05, -1.058888936996460e+03, 3.517213592479284e-08, 3.037928958576162e+00, 3.517213592479284e-08, 3.037928958576162e+00, 8.999168684682675e+01, 2.096452468595322e+03, 1.000040391055101e+00
567, 1.647802428359363e-01, -2.204436928904302e-01, 5.003727865369701e-02, 0.000000000000000e+00, 0.000000000000000e+00, 1.065977690952936e+04, 0.000000000000000e+00, 4.263910763811745e+03, 2.968552749068166e+02, 0.000000000000000e+00, -1.271614887486245e+00, 0.000000000000000e+00, 0.000000000000000e+00, 1.830998130290802e-05, 2.880884883933634e-03, -1.784245152507835e-03, -4.243012423255306e+00, 5.091895393010140e-01, 0.000000000000000e+00, 2.636057135564693e-07, -0.000000000000000e+00, -0.000000000000000e+00, 6.242357044224661e-02, -0.000000000000000e+00, 1.776250819131187e+05, -5.082408855438232e+03, 3.523094008237391e-08, 3.037928958576162e+00, 3.523094008237391e-08, 3.037928958576162e+00, 8.999139560197561e+01, 2.096369111420214e+03, 1.000044246809878e+00
568, 1.857497606850042e-01, -2.325715652580073e-01, 5.018357974969102e-02, 0.000000000000000e+00, 0.000000000000000e+00, 1.069383777285467e+04, 0.000000000000000e+00, 4.277535109141869e+03, 2.969356147877716e+02, 0.000000000000000e+00, -1.257419355523874e+00, 0.000000000000000e+00, 0.000000000000000e+00, 1.831380203826427e-05, 3.388130951140198e-03, -1.820645823029262e-03, -5.160021959777919e+00, 5.431830124019126e-01, 0.000000000000000e+00, 2.515054968379038e-07, -0.000000000000000e+00, -0.000000000000000e+00, 6.072535128270419e-02, -0.000000000000000e+00, 2.015723422969105e+05, -4.213402851104736e+03, 3.532896733363565e-08, 3.037928958576162e+00, 3.532896733363565e-08, 3.037928958576162e+00, 8.999108124891605e+01, 2.096276362763226e+03, 1.000045156704643e+00
569, 2.074359565397770e-01, -2.433651643752010e-01, 5.042564773474646e-02, 0.000000000000000e+00, 0.000000000000000e+00, 1.074939465848957e+04, 0.000000000000000e+00, 4.299757863395826e+03, 2.970454190009394e+02, 0.000000000000000e+00, -1.234264935207880e+00, 0.000000000000000e+00, 0.000000000000000e+00, 1.831902320196077e-05, 4.322677591620844e-03, -1.979864070405515e-03, -8.429467215498248e+00, 6.052184409205759e-01, 0.000000000000000e+00, 2.483422981431891e-07, -0.000000000000000e+00, -0.000000000000000e+00, 5.859931871640670e-02, -0.000000000000000e+00, 2.490965933559190e+05, -1.127872603988647e+04, 3.549180517985987e-08, 3.037928958576162e+00, 3.549180517985987e-08, 3.037928958576162e+00, 8.999078457153203e+01, 2.096184737034719e+03, 1.000046793600832e+00
570, 2.297737910578610e-01, -2.527353628400004e-01, 5.067397160625705e-02, 0.000000000000000e+00, 0.000000000000000e+00, 1.080552512148762e+04, 0.000000000000000e+00, 4.322210048595050e+03, 2.971332616422855e+02, 0.000000000000000e+00, -1.210871465290766e+00, 0.000000000000000e+00, 0.000000000000000e+00, 1.832319942395416e-05, 5.187170210625429e-03, -1.975729709357896e-03, -1.207444089630572e+01, 6.554114461924921e-01, 0.000000000000000e+00, 2.487979105041296e-07, -0.000000000000000e+00, -0.000000000000000e+00, 5.667889472022194e-02, -0.000000000000000e+00, 2.907436392717002e+05, -1.137005364227295e+04, 3.566085673676315e-08, 3.037928958576162e+00, 3.566085673676315e-08, 3.037928958576162e+00, 8.999051776737947e+01, 2.096099636290609e+03, 1.000046475016821e+00
571, 2.526848526185205e-01, -2.605999156303834e-01, 5.097017836502857e-02, 0.000000000000000e+00, 0.000000000000000e+00, 1.087076495428537e+04, 0.000000000000000e+00, 4.348305981714145e+03, 2.971900663126917e+02, 0.000000000000000e+00, -1.183681487078681e+00, 0.000000000000000e+00, 0.000000000000000e+00, 1.832589971720426e-05, 5.792019923548478e-03, -1.769771204407893e-03, -1.456854104055861e+01, 6.865315549718251e-01, 0.000000000000000e+00, 2.994130219927423e-07, -0.000000000000000e+00, -0.000000000000000e+00, 6.667829945000170e-02, -0.000000000000000e+00, 3.171837077247786e+05, -2.046359511566162e+04, 2.988854274118978e-08, 2.531607465480147e+00, 2.988854274118978e-08, 2.531607465480147e+00, 8.999027708444716e+01, 2.096021147500093e+03, 1.000046775495368e+00
572, 2.760786174294421e-01, -2.668839585663987e-01, 5.124091620505644e-02, 0.000000000000000e+00, 0.000000000000000e+00, 1.092993891878637e+04, 0.000000000000000e+00, 4.371975567514546e+03, 2.972290032477547e+02, 0.000000000000000e+00, -1.159019578295237e+00, 0.000000000000000e+00, 0.000000000000000e+00, 1.832775049677348e-05, 6.158353846569608e-03, -1.426760768333384e-03, -1.579571120057890e+01, 7.032011355390385e-01, 0.000000000000000e+00, 2.933898945677895e-07, -0.000000000000000e+00, -0.000000000000000e+00, 6.374435255830349e-02, -0.000000000000000e+00, 3.310341580072794e+05, -2.113398350524902e+04, 3.004566811039438e-08, 2.531607465480147e+00, 3.004566811039438e-08, 2.531607465480147e+00, 8.999009516338619e+01, 2.095961136607074e+03, 1.000043974699887e+00
573, 2.998522955917435e-01, -2.715276178789775e-01, 5.151719755063342e-02, 0.000000000000000e+00, 0.000000000000000e+00, 1.099031359011390e+04, 0.000000000000000e+00, 4.396125436045560e+03, 2.972680203694453e+02, 0.000000000000000e+00, -1.133857251422837e+00, 0.000000000000000e+00, 0.000000000000000e+00, 1.832960496979732e-05, 6.331634478033658e-03, -1.006615740612251e-03, -1.612730801774498e+01, 7.100182771551703e-01, 0.000000000000000e+00, 2.848532407632602e-07, -0.000000000000000e+00, -0.000000000000000e+00, 6.063338283244300e-02, -0.000000000000000e+00, 3.356965991570879e+05, -1.802097616577148e+04, 3.020562941461498e-08, 2.531607465480147e+00, 3.020562941461498e-08, 2.531607465480147e+00, 8.998996119340102e+01, 2.095917665805553e+03, 1.000043639437395e+00
574, 3.238938467112947e-01, -2.744857180493694e-01, 5.185218094184894e-02, 0.000000000000000e+00, 0.000000000000000e+00, 1.106329300249418e+04, 0.000000000000000e+00, 4.425317200997671e+03, 2.973087720977023e+02, 0.000000000000000e+00, -1.103441651819718e+00, 0.000000000000000e+00, 0.000000000000000e+00, 1.833154176205841e-05, 6.397499088500960e-03, -5.580543172134102e-04, -1.612798955743201e+01, 7.128430028960234e-01, 0.000000000000000e+00, 2.764222696783795e-07, -0.000000000000000e+00, -0.000000000000000e+00, 5.781275994771714e-02, -0.000000000000000e+00, 3.362182231020055e+05, -2.649556790924072e+04, 3.039922344586109e-08, 2.531607465480147e+00, 3.039922344586109e-08, 2.531607465480147e+00, 8.998990245189309e+01, 2.095898971498295e+03, 1.000041421678023e+00
575, 3.480844308060937e-01, -2.757349105901510e-01, 5.213970879564942e-02, 0.000000000000000e+00, 0.000000000000000e+00, 1.112631906009179e+04, 0.000000000000000e+00, 4.450527624036713e+03, 2.973536303039003e+02, 0.000000000000000e+00, -1.077174307784895e+00, 0.000000000000000e+00, 0.000000000000000e+00, 1.833367357238566e-05, 6.359130792554602e-03, -1.038761025755745e-04, -1.586036131467958e+01, 7.112814691169050e-01, 0.000000000000000e+00, 3.311396562130519e-07, -0.000000000000000e+00, -0.000000000000000e+00, 6.854952764572853e-02, -0.000000000000000e+00, 3.329432141165570e+05, -1.749511718750000e+04, 2.546990099930672e-08, 2.109672887900134e+00, 2.546990099930672e-08, 2.109672887900134e+00, 8.998993342615600e+01, 2.095913086900507e+03, 1.000039933748726e+00
576, 3.723030094643350e-01, -2.752764794473925e-01, 5.249698211758382e-02, 0.000000000000000e+00, 0.000000000000000e+00, 1.120440954004008e+04, 0.000000000000000e+00, 4.481763816016031e+03, 2.974027454337353e+02, 0.000000000000000e+00, -1.044628570659109e+00, 0.000000000000000e+00, 0.000000000000000e+00, 1.833600750677503e-05, 6.246414866762274e-03, 3.362118233232306e-04, -1.516844326414108e+01, 7.077248314804604e-01, 0.000000000000000e+00, 2.648503103871746e-07, -0.000000000000000e+00, -0.000000000000000e+00, 5.329521126626875e-02, -0.000000000000000e+00, 3.274298032155716e+05, -1.926916327667236e+04, 3.076847375052173e-08, 2.531607465480147e+00, 3.076847375052173e-08, 2.531607465480147e+00, 8.999003918923248e+01, 2.095954965809860e+03, 1.000039562466214e+00
577, 3.964310580904002e-01, -2.731326646526808e-01, 5.286827944921277e-02, 0.000000000000000e+00, 0.000000000000000e+00, 1.128584470090322e+04, 0.000000000000000e+00, 4.514337880361289e+03, 2.974604492956972e+02, 0.000000000000000e+00, -1.010688872247693e+00, 0.000000000000000e+00, 0.000000000000000e+00, 1.833874933577651e-05, 6.097756049701756e-03, 7.515229644392676e-04, -1.476520906606170e+01, 7.037358660656411e-01, 0.000000000000000e+00, 2.619740749347942e-07, -0.000000000000000e+00, -0.000000000000000e+00, 5.147866180631487e-02, -0.000000000000000e+00, 3.215421178693996e+05, -2.252657972717285e+04, 3.097965657578786e-08, 2.531607465480147e+00, 3.097965657578786e-08, 2.531607465480147e+00, 8.999026563629668e+01, 2.096033537196888e+03, 1.000038749724319e+00
578, 4.203578822089311e-01, -2.693539170938958e-01, 5.318650308868030e-02, 0.000000000000000e+00, 0.000000000000000e+00, 1.135625157524462e+04, 0.000000000000000e+00, 4.542500630097848e+03, 2.975253017327109e+02, 0.000000000000000e+00, -9.813454282621955e-01, 0.000000000000000e+00, 0.000000000000000e+00, 1.834183052487651e-05, 5.867987539065556e-03, 1.125655481598823e-03, -1.406679641635342e+01, 6.959371531806058e-01, 0.000000000000000e+00, 2.628106383138825e-07, -0.000000000000000e+00, -0.000000000000000e+00, 5.028448076164987e-02, -0.000000000000000e+00, 3.126494737515165e+05, -9.904422264099121e+03, 3.115851371722710e-08, 2.531607465480147e+00, 3.115851371722710e-08, 2.531607465480147e+00, 8.999057373861567e+01, 2.096135480123339e+03, 1.000039047461627e+00
579, 4.439848757564204e-01, -2.640104204130090e-01, 5.362930297835656e-02, 0.000000000000000e+00, 0.000000000000000e+00, 1.145343998326400e+04, 0.000000000000000e+00, 4.581375993305600e+03, 2.975939710556920e+02, 0.000000000000000e+00, -9.408402555296604e-01, 0.000000000000000e+00, 0.000000000000000e+00, 1.834509270175780e-05, 5.611754091988006e-03, 1.455746130981279e-03, -1.327119434620425e+01, 6.882153526812389e-01, 0.000000000000000e+00, 2.611402673176936e-07, -0.000000000000000e+00, -0.000000000000000e+00, 4.834823248977553e-02, -0.000000000000000e+00, 3.033085501149000e+05, -1.899671662902832e+04, 3.140928994693124e-08, 2.531607465480147e+00, 3.140928994693124e-08, 2.531607465480147e+00, 8.999099065994231e+01, 2.096265393913540e+03, 1.000041651427060e+00
580, 4.672303917686161e-01, -2.571947110199316e-01, 5.402273906918890e-02, 0.000000000000000e+00, 0.000000000000000e+00, 1.154034487677564e+04, 0.000000000000000e+00, 4.616137950710254e+03, 2.976682568400526e+02, 0.000000000000000e+00, -9.046209388978923e-01, 0.000000000000000e+00, 0.000000000000000e+00, 1.834862128044442e-05, 5.346633481061092e-03, 1.741955863304906e-03, -1.265438422066951e+01, 6.801103952313112e-01, 0.000000000000000e+00, 2.605851329404877e-07, -0.000000000000000e+00, -0.000000000000000e+00, 4.627941036414979e-02, -0.000000000000000e+00, 2.941356370468102e+05, -1.309589480590820e+04, 3.163040570174329e-08, 2.531607465480147e+00, 3.163040570174329e-08, 2.531607465480147e+00, 8.999145648518412e+01, 2.096403565003221e+03, 1.000040437249578e+00
581, 4.900299111683185e-01, -2.490087525979337e-01, 5.442055765561076e-02, 0.000000000000000e+00, 0.000000000000000e+00, 1.162859981782980e+04, 0.000000000000000e+00, 4.651439927131920e+03, 2.977520594395829e+02, 0.000000000000000e+00, -8.678389635085446e-01, 0.000000000000000e+00, 0.000000000000000e+00, 1.835260139512382e-05, 5.050368005217841e-03, 1.973678814702872e-03, -1.203321569440979e+01, 6.701219867024011e-01, 0.000000000000000e+00, 2.616456931219162e-07, -0.000000000000000e+00, -0.000000000000000e+00, 4.421394376718255e-02, -0.000000000000000e+00, 2.835645956707872e+05, -8.662938522338867e+03, 3.185288677443265e-08, 2.531607465480147e+00, 3.185288677443265e-08, 2.531607465480147e+00, 8.999199539852962e+01, 2.096551875639282e+03, 1.000040451434272e+00
582, 5.123388936656709e-01, -2.395663531526991e-01, 5.487792137773068e-02, 0.000000000000000e+00, 0.000000000000000e+00, 1.172981452779624e+04, 0.000000000000000e+00, 4.691925811118494e+03, 2.978405523207991e+02, 0.000000000000000e+00, -8.256557505738661e-01, 0.000000000000000e+00, 0.000000000000000e+00, 1.835680367923983e-05, 4.774674621771973e-03, 2.168264455562602e-03, -1.173735885943666e+01, 6.615837391887992e-01, 0.000000000000000e+00, 3.204629952886570e-07, -0.000000000000000e+00, -0.000000000000000e+00, 5.141804722358538e-02, -0.000000000000000e+00, 2.741728696527786e+05, -1.562878565979004e+04, 2.675820170433079e-08, 2.109672887900134e+00, 2.675820170433079e-08, 2.109672887900134e+00, 8.999255586863647e+01, 2.096696044133298e+03, 1.000038133650732e+00
583, 5.341298455872772e-01, -2.289821899799801e-01, 5.525012656522077e-02, 0.000000000000000e+00, 0.000000000000000e+00, 1.181272861164683e+04, 0.000000000000000e+00, 4.725091444658730e+03, 2.979252317886884e+02, 0.000000000000000e+00, -7.910996820388358e-01, 0.000000000000000e+00, 0.000000000000000e+00, 1.836082430711663e-05, 4.503972411235203e-03, 2.322312290213888e-03, -1.127918923213303e+01, 6.523813103584378e-01, 0.000000000000000e+00, 3.191424777810352e-07, -0.000000000000000e+00, -0.000000000000000e+00, 4.800390862198650e-02, -0.000000000000000e+00, 2.648866188497428e+05, -6.201052665710449e+03, 2.693110921015328e-08, 2.109672887900134e+00, 2.693110921015328e-08, 2.109672887900134e+00, 8.999312087229089e+01, 2.096829560701806e+03, 1.000034685441123e+00
584, 5.553903361721505e-01, -2.173684165501489e-01, 5.568631074891676e-02, 0.000000000000000e+00, 0.000000000000000e+00, 1.190923017665846e+04, 0.000000000000000e+00, 4.763692070663382e+03, 2.980063918718695e+02, 0.000000000000000e+00, -7.508807645834064e-01, 0.000000000000000e+00, 0.000000000000000e+00, 1.836467731177116e-05, 4.254608498694072e-03, 2.446798879239102e-03, -1.080991247244695e+01, 6.444018190073051e-01, 0.000000000000000e+00, 3.145407115144494e-07, -0.000000000000000e+00, -0.000000000000000e+00, 4.438298359552201e-02, -0.000000000000000e+00, 2.564990212278874e+05, -1.264466596603394e+04, 2.713556603100786e-08, 2.109672887900134e+00, 2.713556603100786e-08, 2.109672887900134e+00, 8.999368583034928e+01, 2.096951239486632e+03, 1.000031816664119e+00
585, 5.761212857097875e-01, -2.048331739986199e-01, 5.604207721732190e-02, 0.000000000000000e+00, 0.000000000000000e+00, 1.198826212339923e+04, 0.000000000000000e+00, 4.795304849359692e+03, 2.980796603463156e+02, 0.000000000000000e+00, -7.179426527307532e-01, 0.000000000000000e+00, 0.000000000000000e+00, 1.836815523138686e-05, 4.015926979299653e-03, 2.539657061205571e-03, -1.012279888469184e+01, 6.359263988290292e-01, 0.000000000000000e+00, 2.502756555830168e-07, -0.000000000000000e+00, -0.000000000000000e+00, 3.304354236217552e-02, -0.000000000000000e+00, 2.482770748126907e+05, -5.205648292541504e+03, 3.276187874130575e-08, 2.531607465480147e+00, 3.276187874130575e-08, 2.531607465480147e+00, 8.999422576477916e+01, 2.097058304173163e+03, 1.000029250181403e+00
586, 5.963330619568209e-01, -1.914763913265790e-01, 5.644113599687089e-02, 0.000000000000000e+00, 0.000000000000000e+00, 1.207650726890805e+04, 0.000000000000000e+00, 4.830602907563219e+03, 2.981507715004689e+02, 0.000000000000000e+00, -6.811647598268006e-01, 0.000000000000000e+00, 0.000000000000000e+00, 1.837153034988441e-05, 3.794313190059862e-03, 2.608542579145196e-03, -9.616999007837727e+00, 6.280943536951609e-01, 0.000000000000000e+00, 2.444492268679740e-07, -0.000000000000000e+00, -0.000000000000000e+00, 3.066031252425181e-02, -0.000000000000000e+00, 2.405470047700568e+05, -8.194019660949707e+03, 3.298688452548007e-08, 2.531607465480147e+00, 3.298688452548007e-08, 2.531607465480147e+00, 8.999472705411725e+01, 2.097148637661712e+03, 1.000025102545399e+00
587, 6.160421936333559e-01, -1.773880520752186e-01, 5.679427907614415e-02, 0.000000000000000e+00, 0.000000000000000e+00, 1.215479899343273e+04, 0.000000000000000e+00, 4.861919597373090e+03, 2.982177757389586e+02, 0.000000000000000e+00, -6.485351500819031e-01, 0.000000000000000e+00, 0.000000000000000e+00, 1.837471018576167e-05, 3.596647117364468e-03, 2.662730729673822e-03, -9.241810826582981e+00, 6.210115509959313e-01, 0.000000000000000e+00, 2.375465042574695e-07, -0.000000000000000e+00, -0.000000000000000e+00, 2.822622399203233e-02, -0.000000000000000e+00, 2.337440894153788e+05, -6.058269081115723e+03, 3.318561768893141e-08, 2.531607465480147e+00, 3.318561768893141e-08, 2.531607465480147e+00, 8.999519634562272e+01, 2.097225050922039e+03, 1.000022848826602e+00
588, 6.352703490227325e-01, -1.626496792757988e-01, 5.713115047539775e-02, 0.000000000000000e+00, 0.000000000000000e+00, 1.222956374377545e+04, 0.000000000000000e+00, 4.891825497510180e+03, 2.982828829400988e+02, 0.000000000000000e+00, -6.173754759123964e-01, 0.000000000000000e+00, 0.000000000000000e+00, 1.837779966100015e-05, 3.407640369548778e-03, 2.695261466029472e-03, -8.869859962596177e+00, 6.135954666224658e-01, 0.000000000000000e+00, 2.300985623795836e-07, -0.000000000000000e+00, -0.000000000000000e+00, 2.574065389342024e-02, -0.000000000000000e+00, 2.268979581131425e+05, -5.028879608154297e+03, 3.337525750839713e-08, 2.531607465480147e+00, 3.337525750839713e-08, 2.531607465480147e+00, 8.999562062082704e+01, 2.097287876751861e+03, 1.000019697070674e+00
589, 6.540412016792625e-01, -1.473328669539562e-01, 5.747240897609746e-02, 0.000000000000000e+00, 0.000000000000000e+00, 1.230527229829972e+04, 0.000000000000000e+00, 4.922108919319886e+03, 2.983473357809931e+02, 0.000000000000000e+00, -5.858224528633467e-01, 0.000000000000000e+00, 0.000000000000000e+00, 1.838085776274321e-05, 3.233244932381703e-03, 2.713819670179890e-03, -8.559313072228136e+00, 6.065036434168311e-01, 0.000000000000000e+00, 2.219263158264362e-07, -0.000000000000000e+00, -0.000000000000000e+00, 2.300051472296485e-02, -0.000000000000000e+00, 2.204124300978720e+05, -5.416952892303467e+03, 3.356769282634900e-08, 2.531607465480147e+00, 3.356769282634900e-08, 2.531607465480147e+00, 8.999601158019759e+01, 2.097339745164915e+03, 1.000017447807710e+00
590, 6.723803214773604e-01, -1.315014751299975e-01, 5.778770367254188e-02, 0.000000000000000e+00, 0.000000000000000e+00, 1.237542517567895e+04, 0.000000000000000e+00, 4.950170070271579e+03, 2.984111375415947e+02, 0.000000000000000e+00, -5.565848670870308e-01, 0.000000000000000e+00, 0.000000000000000e+00, 1.838388465645130e-05, 3.072549333450421e-03, 2.721121545203940e-03, -8.307291377230261e+00, 5.995732919688329e-01, 0.000000000000000e+00, 2.144086185767153e-07, -0.000000000000000e+00, -0.000000000000000e+00, 2.016078470837770e-02, -0.000000000000000e+00, 2.142707993437833e+05, -4.677264564514160e+03, 3.374520998817143e-08, 2.531607465480147e+00, 3.374520998817143e-08, 2.531607465480147e+00, 8.999635484336804e+01, 2.097382092028238e+03, 1.000016268706087e+00
591, 6.903123848526055e-01, -1.152102588875835e-01, 5.808807717181418e-02, 0.000000000000000e+00, 0.000000000000000e+00, 1.244248278950433e+04, 0.000000000000000e+00, 4.976993115801729e+03, 2.984766657523191e+02, 0.000000000000000e+00, -5.286372930256585e-01, 0.000000000000000e+00, 0.000000000000000e+00, 1.838699312934969e-05, 2.914743891253456e-03, 2.710541879123816e-03, -8.057324111521492e+00, 5.918732495455625e-01, 0.000000000000000e+00, 2.083114644336380e-07, -0.000000000000000e+00, -0.000000000000000e+00, 1.730144687097680e-02, -0.000000000000000e+00, 2.077632859373820e+05, -3.634318386077881e+03, 3.391399805520768e-08, 2.531607465480147e+00, 3.391399805520768e-08, 2.531607465480147e+00, 8.999665739079522e+01, 2.097416060708081e+03, 1.000013500393299e+00
592, 7.078609654434084e-01, -9.850654488695061e-02, 5.839823020318442e-02, 0.000000000000000e+00, 0.000000000000000e+00, 1.251180341677869e+04, 0.000000000000000e+00, 5.004721366711474e+03, 2.985455231666460e+02, 0.000000000000000e+00, -4.997465637823534e-01, 0.000000000000000e+00, 0.000000000000000e+00, 1.839025917292071e-05, 2.766851324276307e-03, 2.690144187090624e-03, -7.883547203256144e+00, 5.842328567559759e-01, 0.000000000000000e+00, 2.049160024852991e-07, -0.000000000000000e+00, -0.000000000000000e+00, 1.459538886042838e-02, -0.000000000000000e+00, 2.013991446912843e+05, -4.153869842529297e+03, 3.408824224391285e-08, 2.531607465480147e+00, 3.408824224391285e-08, 2.531607465480147e+00, 8.999695091369387e+01, 2.097445140229060e+03, 1.000012586469706e+00
593, 7.250513897527230e-01, -8.143434498956906e-02, 5.868473171448995e-02, 0.000000000000000e+00, 0.000000000000000e+00, 1.257626274343256e+04, 0.000000000000000e+00, 5.030505097373025e+03, 2.986185726154953e+02, 0.000000000000000e+00, -4.728818767939872e-01, 0.000000000000000e+00, 0.000000000000000e+00, 1.839372365280770e-05, 2.627893645029197e-03, 2.661367473306253e-03, -7.799036912303107e+00, 5.764568908141446e-01, 0.000000000000000e+00, 2.037473379266511e-07, -0.000000000000000e+00, -0.000000000000000e+00, 1.178771811946849e-02, -0.000000000000000e+00, 1.951564998754665e+05, -3.664642379760742e+03, 3.424844359504691e-08, 2.531607465480147e+00, 3.424844359504691e-08, 2.531607465480147e+00, 8.999718944087068e+01, 2.097467416408720e+03, 1.000011196869113e+00
594, 7.419046927163593e-01, -6.402917225593834e-02, 5.895796645700396e-02, 0.000000000000000e+00, 0.000000000000000e+00, 1.263820412359447e+04, 0.000000000000000e+00, 5.055281649437785e+03, 2.986986133350705e+02, 0.000000000000000e+00, -4.470665933267540e-01, 0.000000000000000e+00, 0.000000000000000e+00, 1.839751923131208e-05, 2.485613339969806e-03, 2.613480349831998e-03, -7.735488868576222e+00, 5.672774103594903e-01, 0.000000000000000e+00, 2.062809869959802e-07, -0.000000000000000e+00, -0.000000000000000e+00, 9.032193620807588e-03, -0.000000000000000e+00, 1.881564906895052e+05, -2.584284538269043e+03, 3.440027058897186e-08, 2.531607465480147e+00, 3.440027058897186e-08, 2.531607465480147e+00, 8.999742419937439e+01, 2.097487159734708e+03, 1.000010160942750e+00
595, 7.584433180115953e-01, -4.632464110110251e-02, 5.925318010539309e-02, 0.000000000000000e+00, 0.000000000000000e+00, 1.270524949867898e+04, 0.000000000000000e+00, 5.082099799471591e+03, 2.987871190306948e+02, 0.000000000000000e+00, -4.191241200003630e-01, 0.000000000000000e+00, 0.000000000000000e+00, 1.840171564848642e-05, 2.350033748076086e-03, 2.557912180673097e-03, -7.778940065199358e+00, 5.579666755945052e-01, 0.000000000000000e+00, 2.124407710186385e-07, -0.000000000000000e+00, -0.000000000000000e+00, 6.224504919488130e-03, -0.000000000000000e+00, 1.811672272346641e+05, -3.530554134368896e+03, 3.456423928206093e-08, 2.531607465480147e+00, 3.456423928206093e-08, 2.531607465480147e+00, 8.999761680286248e+01, 2.097501889602661e+03, 1.000008846091971e+00
596, 7.746859711052169e-01, -2.834813943777496e-02, 5.952101277795078e-02, 0.000000000000000e+00, 0.000000000000000e+00, 1.276688644408369e+04, 0.000000000000000e+00, 5.106754577633475e+03, 2.988856193818378e+02, 0.000000000000000e+00, -3.934357156813440e-01, 0.000000000000000e+00, 0.000000000000000e+00, 1.840638524275630e-05, 2.222827069396590e-03, 2.498130520821663e-03, -7.967975797898537e+00, 5.485474824948373e-01, 0.000000000000000e+00, 2.232495777177914e-07, -0.000000000000000e+00, -0.000000000000000e+00, 3.385196019526551e-03, -0.000000000000000e+00, 1.743603595052281e+05, -2.864908014297485e+03, 3.471129859418201e-08, 2.531607465480147e+00, 3.471129859418201e-08, 2.531607465480147e+00, 8.999781000856981e+01, 2.097515136048708e+03, 1.000008304527920e+00
597, 7.906526824309746e-01, -1.012605533610109e-02, 5.978009389145885e-02, 0.000000000000000e+00, 0.000000000000000e+00, 1.282725023887629e+04, 0.000000000000000e+00, 5.130900095550513e+03, 2.989973305944040e+02, 0.000000000000000e+00, -3.682779218179242e-01, 0.000000000000000e+00, 0.000000000000000e+00, 1.841168021742065e-05, 2.093383144113479e-03, 2.423473039426159e-03, -8.244590222305705e+00, 5.378281143958199e-01, 0.000000000000000e+00, 2.403630428446937e-07, -0.000000000000000e+00, -0.000000000000000e+00, 7.508062150293291e-04, -0.000000000000000e+00, 1.669353948292602e+05, -2.574835977554321e+03, 3.485209098508787e-08, 2.531607465480147e+00, 3.485209098508787e-08, 2.531607465480147e+00, 8.999796749532123e+01, 2.097525773907070e+03, 1.000007915393742e+00
598, 8.063599085147226e-01, 8.320223723673838e-03, 6.004748421901369e-02, 0.000000000000000e+00, 0.000000000000000e+00, 1.289009088573157e+04, 0.000000000000000e+00, 5.156036354292627e+03, 2.991241650975754e+02, 0.000000000000000e+00, -3.420878513417210e-01, 0.000000000000000e+00, 0.000000000000000e+00, 1.841769085163168e-05, 1.964968696804548e-03, 2.338398431582276e-03, -8.641448529295833e+00, 5.262492799027625e-01, 0.000000000000000e+00, 2.642352945549705e-07, -0.000000000000000e+00, -0.000000000000000e+00, -1.553461098057524e-03, -0.000000000000000e+00, 1.591663320673132e+05, -2.705449436187744e+03, 3.499631093146905e-08, 2.531607465480147e+00, 3.499631093146905e-08, 2.531607465480147e+00, 8.999812417621831e+01, 2.097535003050093e+03, 1.000006720396545e+00
599, 8.218248180133760e-01, 2.697014526673643e-02, 6.031121199487792e-02, 0.000000000000000e+00, 0.000000000000000e+00, 1.295289880902118e+04, 0.000000000000000e+00, 5.181159523608469e+03, 2.992672916804662e+02, 0.000000000000000e+00, -3.159114190524911e-01, 0.000000000000000e+00, 0.000000000000000e+00, 1.842447207252253e-05, 1.844994253063045e-03, 2.252676914792438e-03, -9.214326272997885e+00, 5.147558406974562e-01, 0.000000000000000e+00, 2.939400190294213e-07, -0.000000000000000e+00, -0.000000000000000e+00, -3.775339290775287e-03, -0.000000000000000e+00, 1.516805492150555e+05, -3.270497579574585e+03, 3.511603017647033e-08, 2.531607465480147e+00, 3.511603017647033e-08, 2.531607465480147e+00, 8.999825686440029e+01, 2.097541964387930e+03, 1.000006450002845e+00
600, 8.370620743332245e-01, 4.580655196488447e-02, 6.054868060728280e-02, 0.000000000000000e+00, 0.000000000000000e+00, 1.301091865838045e+04, 0.000000000000000e+00, 5.204367463352178e+03, 2.994288307003507e+02, 0.000000000000000e+00, -2.917305103607433e-01, 0.000000000000000e+00, 0.000000000000000e+00, 1.843212376520774e-05, 1.724069742934316e-03, 2.156187127242808e-03, -9.925626956515126e+00, 5.019999926175269e-01, 0.000000000000000e+00, 3.326683983446358e-07, -0.000000000000000e+00, -0.000000000000000e+00, -5.504218382840915e-03, -0.000000000000000e+00, 1.437508802433605e+05, -2.529205011367798e+03, 3.510648435913777e-08, 2.531607465480147e+00, 3.510648435913777e-08, 2.531607465480147e+00, 8.999837377428082e+01, 2.097548069002507e+03, 1.000005896265607e+00
601, 8.520848450525311e-01, 6.481448482390437e-02, 6.080016072310462e-02, 0.000000000000000e+00, 0.000000000000000e+00, 1.307292725136422e+04, 0.000000000000000e+00, 5.229170900545686e+03, 2.996114826404262e+02, 0.000000000000000e+00, -2.658872146334557e-01, 0.000000000000000e+00, 0.000000000000000e+00, 1.844077310483492e-05, 1.601298003155509e-03, 2.048319746724553e-03, -1.077851500903122e+01, 4.879452821997007e-01, 0.000000000000000e+00, 3.769057994759958e-07, -0.000000000000000e+00, -0.000000000000000e+00, -7.301703362487549e-03, -0.000000000000000e+00, 1.353165064751761e+05, -3.286637418746948e+03, 3.509571645801183e-08, 2.531607465480147e+00, 3.509571645801183e-08, 2.531607465480147e+00, 8.999847901996480e+01, 2.097552864747312e+03, 1.000005381326737e+00
602, 8.669051633051233e-01, 8.398070088903176e-02, 6.104414929472577e-02, 0.000000000000000e+00, 0.000000000000000e+00, 1.313447502513998e+04, 0.000000000000000e+00, 5.253790010055993e+03, 2.998189023493644e+02, 0.000000000000000e+00, -2.402359743374592e-01, 0.000000000000000e+00, 0.000000000000000e+00, 1.845059219260038e-05, 1.482734246078884e-03, 1.937456671634682e-03, -1.183086450491229e+01, 4.733648854176710e-01, 0.000000000000000e+00, 4.276783839336163e-07, -0.000000000000000e+00, -0.000000000000000e+00, -9.174826699371150e-03, -0.000000000000000e+00, 1.269094169843683e+05, -3.571555395126343e+03, 3.508352873374293e-08, 2.531607465480147e+00, 3.508352873374293e-08, 2.531607465480147e+00, 8.999856786259214e+01, 2.097556557496799e+03, 1.000005043160849e+00
603, 8.815332357065290e-01, 1.032940580126775e-01, 6.127468994222239e-02, 0.000000000000000e+00, 0.000000000000000e+00, 1.319459035087847e+04, 0.000000000000000e+00, 5.277836140351388e+03, 3.000579415616009e+02, 0.000000000000000e+00, -2.151817348192588e-01, 0.000000000000000e+00, 0.000000000000000e+00, 1.846190402406824e-05, 1.364076514540783e-03, 1.818768735253507e-03, -1.311076023083640e+01, 4.575319987328298e-01, 0.000000000000000e+00, 4.875612922440198e-07, -0.000000000000000e+00, -0.000000000000000e+00, -1.100983273272670e-02, -0.000000000000000e+00, 1.181884320157529e+05, -4.028430405616760e+03, 3.506951656306548e-08, 2.531607465480147e+00, 3.506951656306548e-08, 2.531607465480147e+00, 8.999864717027279e+01, 2.097559929375338e+03, 1.000004859155473e+00
604, 8.959782057399591e-01, 1.227447585174111e-01, 6.149742385276034e-02, 0.000000000000000e+00, 0.000000000000000e+00, 1.325492667867921e+04, 0.000000000000000e+00, 5.301970671471684e+03, 3.003383171005706e+02, 0.000000000000000e+00, -1.900353883627090e-01, 0.000000000000000e+00, 0.000000000000000e+00, 1.847516638818060e-05, 1.241464500359381e-03, 1.687619737622534e-03, -1.464980026188456e+01, 4.396955425750543e-01, 0.000000000000000e+00, 5.617685774427412e-07, -0.000000000000000e+00, -0.000000000000000e+00, -1.241755654089113e-02, -0.000000000000000e+00, 1.088361003392445e+05, -3.726577516555786e+03, 3.505313104341067e-08, 2.531607465480147e+00, 3.505313104341067e-08, 2.531607465480147e+00, 8.999870184875167e+01, 2.097562075600124e+03, 1.000004521849101e+00
605, 9.102461130160668e-01, 1.423257165558601e-01, 6.173440598040778e-02, 0.000000000000000e+00, 0.000000000000000e+00, 1.332080542410919e+04, 0.000000000000000e+00, 5.328322169643676e+03, 3.006723885386445e+02, 0.000000000000000e+00, -1.625791307963543e-01, 0.000000000000000e+00, 0.000000000000000e+00, 1.849096081582876e-05, 1.123131438105907e-03, 1.555549613325402e-03, -1.656288105328486e+01, 4.212241158837421e-01, 0.000000000000000e+00, 6.512169277521950e-07, -0.000000000000000e+00, -0.000000000000000e+00, -1.375777649429842e-02, -0.000000000000000e+00, 9.958565191357140e+04, -7.224645047187805e+03, 3.503363072594594e-08, 2.531607465480147e+00, 3.503363072594594e-08, 2.531607465480147e+00, 8.999875474507175e+01, 2.097563886428938e+03, 1.000004337841858e+00
606, 9.243429267490332e-01, 1.620302146098506e-01, 6.191033503343597e-02, 0.000000000000000e+00, 0.000000000000000e+00, 1.337664768053792e+04, 0.000000000000000e+00, 5.350659072215165e+03, 3.010748446859638e+02, 0.000000000000000e+00, -1.393057766122942e-01, 0.000000000000000e+00, 0.000000000000000e+00, 1.850997703032725e-05, 9.970499331007853e-04, 1.406297519731044e-03, -1.876907685026783e+01, 3.994318215845469e-01, 0.000000000000000e+00, 7.629098033058113e-07, -0.000000000000000e+00, -0.000000000000000e+00, -1.362021330920633e-02, -0.000000000000000e+00, 8.938538453154363e+04, -4.725526231765747e+03, 3.501022659946097e-08, 2.531607465480147e+00, 3.501022659946097e-08, 2.531607465480147e+00, 8.999878287621375e+01, 2.097564941667084e+03, 1.000004200072814e+00
607, 9.382713287496276e-01, 1.818541193645989e-01, 6.213392260217734e-02, 0.000000000000000e+00, 0.000000000000000e+00, 1.344585828750766e+04, 0.000000000000000e+00, 5.378343315003065e+03, 3.015435853132331e+02, 0.000000000000000e+00, -1.104609004859731e-01, 0.000000000000000e+00, 0.000000000000000e+00, 1.853210960707496e-05, 8.713260674096900e-04, 1.251173641811272e-03, -2.106483677395922e+01, 3.758730957692195e-01, 0.000000000000000e+00, 8.808585145022379e-07, -0.000000000000000e+00, -0.000000000000000e+00, -1.357691052105025e-02, -0.000000000000000e+00, 7.896186431443635e+04, -8.956941887378693e+03, 3.498300013183666e-08, 2.531607465480147e+00, 3.498300013183666e-08, 2.531607465480147e+00, 8.999881113947716e+01, 2.097565803029784e+03, 1.000004104173608e+00
608, 9.520342122466052e-01, 2.017932927712004e-01, 6.232545456453079e-02, 0.000000000000000e+00, 0.000000000000000e+00, 1.350919763759656e+04, 0.000000000000000e+00, 5.403679055038624e+03, 3.020330284935806e+02, 0.000000000000000e+00, -8.406298566874763e-02, 0.000000000000000e+00, 0.000000000000000e+00, 1.855520180833535e-05, 7.516469601747500e-04, 1.098547359230168e-03, -2.284708190785210e+01, 3.513030395204181e-01, 0.000000000000000e+00, 9.999415375742320e-07, -0.000000000000000e+00, -0.000000000000000e+00, -1.140854722649492e-02, -0.000000000000000e+00, 6.884986918411206e+04, -1.017249480962753e+04, 3.495464879761571e-08, 2.531607465480147e+00, 3.495464879761571e-08, 2.531607465480147e+00, 8.999883259984784e+01, 2.097566270120805e+03, 1.000004055606905e+00
609, 9.656334579714916e-01, 2.218444291672288e-01, 6.249799722824485e-02, 0.000000000000000e+00, 0.000000000000000e+00, 1.356422188898003e+04, 0.000000000000000e+00, 5.425688755592011e+03, 3.024259974679724e+02, 0.000000000000000e+00, -6.113055111007681e-02, 0.000000000000000e+00, 0.000000000000000e+00, 1.857372909854328e-05, 6.076670252261792e-04, 9.038987514775641e-04, -2.349080462149459e+01, 3.179027629019072e-01, 0.000000000000000e+00, 1.100387418932668e-06, -0.000000000000000e+00, -0.000000000000000e+00, -5.855172561723493e-03, -0.000000000000000e+00, 5.628085615520611e+04, -7.363911880731583e+03, 3.493194589894984e-08, 2.531607465480147e+00, 3.493194589894984e-08, 2.531607465480147e+00, 8.999883424441013e+01, 2.097566363250552e+03, 1.000003983921624e+00
610, 9.790682352804995e-01, 2.420061373938908e-01, 6.275032937153278e-02, 0.000000000000000e+00, 0.000000000000000e+00, 1.362551895878740e+04, 0.000000000000000e+00, 5.450207583514957e+03, 3.025710547885694e+02, 0.000000000000000e+00, -3.558379660360805e-02, 0.000000000000000e+00, 0.000000000000000e+00, 1.858056514152260e-05, 4.655239102251527e-04, 7.048637762740802e-04, -2.308739420412506e+01, 2.804251493068516e-01, 0.000000000000000e+00, 1.151848313748946e-06, -0.000000000000000e+00, -0.000000000000000e+00, 4.388594706311796e-04, -0.000000000000000e+00, 4.363308033412939e+04, -3.046538882267475e+04, 3.492351559436445e-08, 2.531607465480147e+00, 3.492351559436445e-08, 2.531607465480147e+00, 8.999883075488110e+01, 2.097566249051957e+03, 1.000004144073082e+00
611, 9.923371916491771e-01, 2.622773567725307e-01, 6.292971934499364e-02, 0.000000000000000e+00, 0.000000000000000e+00, 1.366100205078479e+04, 0.000000000000000e+00, 5.464400820313914e+03, 3.024942322807199e+02, 0.000000000000000e+00, -2.079552298406072e-02, 0.000000000000000e+00, 0.000000000000000e+00, 1.857694496527014e-05, 4.364742593668920e-04, 6.727723272313273e-04, -2.233757493916843e+01, 2.736787700935194e-01, 0.000000000000000e+00, 1.181138749888125e-06, -0.000000000000000e+00, -0.000000000000000e+00, 7.874063883433480e-03, -0.000000000000000e+00, 4.143237850954235e+04, -2.247579669785500e+04, 3.492780041893737e-08, 2.531607465480147e+00, 3.492780041893737e-08, 2.531607465480147e+00, 8.999778241682469e+01, 2.097603680602999e+03, 1.000056901807622e+00
612, 1.009273700453633e+00, 2.914705190801042e-01, 6.270318135270490e-02, 0.000000000000000e+00, 0.000000000000000e+00, 1.366417576895669e+04, 0.000000000000000e+00, 5.465670307582674e+03, 3.036576316704678e+02, 0.000000000000000e+00, -1.947281377030816e-02, 0.000000000000000e+00, 0.000000000000000e+00, 1.863172091829367e-05, -9.007656358273226e-05, 2.317413205607029e-03, -2.335934878305331e+01, 5.151051383222256e-01, 0.000000000000000e+00, 5.709501678234277e-07, -0.000000000000000e+00, -0.000000000000000e+00, -1.070782266060039e-02, -0.000000000000000e+00, 1.194667504010393e+05, -3.028891193294525e+04, 2.689540119949331e-08, 1.758060739916762e+00, 2.689540119949331e-08, 1.758060739916762e+00, 8.991077910955630e+01, 7.433091753662146e+02, 1.018427413464831e+00
613, 7.898121787273981e-03, 3.219422284686597e-03, 7.587558918015962e-02, 0.000000000000000e+00, 0.000000000000000e+00, 1.632431515241776e+04, 0.000000000000000e+00, 6.529726060967104e+03, 2.997942029526009e+02, 0.000000000000000e+00, 1.089192380109872e+00, 0.000000000000000e+00, 0.000000000000000e+00, 1.844942311576106e-05, -5.235737259296251e-03, -9.346366208623186e-04, -1.574249717212651e+01, 7.965781208737819e-01, 0.000000000000000e+00, 3.688303300915747e-08, -0.000000000000000e+00, -0.000000000000000e+00, -1.573170743940810e-03, -0.000000000000000e+00, 2.766781211921562e+05, -2.615890975952148e+05, 3.583652362059028e-08, 2.531607465480147e+00, 3.583652362059028e-08, 2.531607465480147e+00, 8.985055703666488e+01, 7.267689528799664e+02, 1.012847637799838e+00
614, 3.584641412542376e-02, -2.200847557483302e-03, 7.368668302260928e-02, 0.000000000000000e+00, 0.000000000000000e+00, 1.589134699971598e+04, 0.000000000000000e+00, 6.356538799886392e+03, 3.005121531368875e+02, 0.000000000000000e+00, 9.087444216519512e-01, 0.000000000000000e+00, 0.000000000000000e+00, 1.848338617842054e-05, 1.765579136815944e-03, -5.768726150265535e-04, -7.004122702665255e+00, 4.536653500637175e-01, 0.000000000000000e+00, 2.528473086256867e-07, -0.000000000000000e+00, -0.000000000000000e+00, -6.962927133665198e-04, -0.000000000000000e+00, -9.644844745991172e+04, -1.817039642333984e+02, 4.211015906062270e-08, 3.037928958576162e+00, 4.211015906062270e-08, 3.037928958576162e+00, 8.998067158356037e+01, 1.728734580992774e+03, 1.001391446392876e+00
615, 5.449964275982434e-02, -9.452301140882467e-03, 7.273098368956171e-02, 0.000000000000000e+00, 0.000000000000000e+00, 1.571267356057966e+04, 0.000000000000000e+00, 6.285069424231863e+03, 3.010377525780194e+02, 0.000000000000000e+00, 8.342787661028886e-01, 0.000000000000000e+00, 0.000000000000000e+00, 1.850822493159105e-05, 2.157454943950599e-03, -8.836241829885400e-04, -1.353336433983909e+01, 5.035953698783023e-01, 0.000000000000000e+00, 4.153123866227674e-07, -0.000000000000000e+00, -0.000000000000000e+00, -1.456737631502641e-04, -0.000000000000000e+00, -1.208968815051594e+05, -5.245443477630615e+02, 4.201691532105452e-08, 3.037928958576162e+00, 4.201691532105452e-08, 3.037928958576162e+00, 8.999399144504007e+01, 1.732521760450282e+03, 1.000146091957968e+00
616, 7.288285649791827e-02, -1.736978363374324e-02, 7.245317677055853e-02, 0.000000000000000e+00, 0.000000000000000e+00, 1.569482915570364e+04, 0.000000000000000e+00, 6.277931662281453e+03, 3.018488301248788e+02, 0.000000000000000e+00, 8.268417608412264e-01, 0.000000000000000e+00, 0.000000000000000e+00, 1.854651336959206e-05, 1.882683875986758e-03, -8.205935547226284e-04, -1.836373492036974e+01, 4.707092440451495e-01, 0.000000000000000e+00, 6.029356772302544e-07, -0.000000000000000e+00, -0.000000000000000e+00, -1.096490444815357e-03, -0.000000000000000e+00, -1.062792327777678e+05, -1.426467037773132e+04, 4.195413343258200e-08, 3.037928958576162e+00, 4.195413343258200e-08, 3.037928958576162e+00, 8.999841410218028e+01, 1.732900711767146e+03, 1.000016340934997e+00
617, 9.119668045228174e-02, -2.544720766339188e-02, 7.208827573731645e-02, 0.000000000000000e+00, 0.000000000000000e+00, 1.567382056274421e+04, 0.000000000000000e+00, 6.269528225097681e+03, 3.029706574443235e+02, 0.000000000000000e+00, 8.180860182168632e-01, 0.000000000000000e+00, 0.000000000000000e+00, 1.859938874734777e-05, 1.551535565774949e-03, -6.790373406333712e-04, -2.338300170470948e+01, 4.251600236078252e-01, 0.000000000000000e+00, 8.123835077555353e-07, -0.000000000000000e+00, -0.000000000000000e+00, -2.015070230150851e-03, -0.000000000000000e+00, -8.739401627564126e+04, -6.337206031799316e+03, 4.187626101448255e-08, 3.037928958576162e+00, 4.187626101448255e-08, 3.037928958576162e+00, 8.999899429891815e+01, 1.732913261501145e+03, 1.000011712594966e+00
618, 1.095561727795069e-01, -3.342004487775045e-02, 7.174726361876106e-02, 0.000000000000000e+00, 0.000000000000000e+00, 1.567106446477183e+04, 0.000000000000000e+00, 6.268425785908731e+03, 3.043571380615954e+02, 0.000000000000000e+00, 8.169373604014524e-01, 0.000000000000000e+00, 0.000000000000000e+00, 1.866460622099308e-05, 1.251020726523847e-03, -5.321631718016689e-04, -2.839354154306126e+01, 3.786997824184772e-01, 0.000000000000000e+00, 1.002482600791167e-06, -0.000000000000000e+00, -0.000000000000000e+00, -3.021377585557622e-03, -0.000000000000000e+00, -6.990778717104226e+04, -1.106230365562439e+04, 4.178181904800178e-08, 3.037928958576162e+00, 4.178181904800178e-08, 3.037928958576162e+00, 8.999773825895268e+01, 1.732861417084553e+03, 1.000020450672964e+00
619, 1.280329307561018e-01, -4.111672886583489e-02, 7.142031964889491e-02, 0.000000000000000e+00, 0.000000000000000e+00, 1.567825449245384e+04, 0.000000000000000e+00, 6.271301796981536e+03, 3.058906883353623e+02, 0.000000000000000e+00, 8.199339452735237e-01, 0.000000000000000e+00, 0.000000000000000e+00, 1.873657267044800e-05, 1.008447404037786e-03, -4.072210773384252e-04, -3.251340683874213e+01, 3.366532460249441e-01, 0.000000000000000e+00, 1.148981302246447e-06, -0.000000000000000e+00, -0.000000000000000e+00, -3.935290535348426e-03, -0.000000000000000e+00, -5.570941407627366e+04, -1.448528684353828e+04, 4.167830375395229e-08, 3.037928958576162e+00, 4.167830375395229e-08, 3.037928958576162e+00, 8.999680012992401e+01, 1.732790081008819e+03, 1.000025977419617e+00
620, 1.466730710594352e-01, -4.840821703674864e-02, 7.110492722168950e-02, 0.000000000000000e+00, 0.000000000000000e+00, 1.568852738245556e+04, 0.000000000000000e+00, 6.275410952982221e+03, 3.074488128541358e+02, 0.000000000000000e+00, 8.242153734032936e-01, 0.000000000000000e+00, 0.000000000000000e+00, 1.880951170284646e-05, 8.263075434418927e-04, -3.103696377514412e-04, -3.522513163436606e+01, 3.014541622904964e-01, 0.000000000000000e+00, 1.233745383452103e-06, -0.000000000000000e+00, -0.000000000000000e+00, -4.623539748082423e-03, -0.000000000000000e+00, -4.503879945658063e+04, -1.597687037837505e+04, 4.157393475171445e-08, 3.037928958576162e+00, 4.157393475171445e-08, 3.037928958576162e+00, 8.999606841463600e+01, 1.732715143223866e+03, 1.000029061332799e+00
621, 1.655039604345915e-01, -5.519123417537546e-02, 7.082093573769106e-02, 0.000000000000000e+00, 0.000000000000000e+00, 1.570091804226421e+04, 0.000000000000000e+00, 6.280367216905684e+03, 3.089254746147206e+02, 0.000000000000000e+00, 8.293794235821963e-01, 0.000000000000000e+00, 0.000000000000000e+00, 1.887847025425848e-05, 6.996558039470831e-04, -2.397164726951175e-04, -3.654753427618971e+01, 2.743906788449614e-01, 0.000000000000000e+00, 1.257310927872669e-06, -0.000000000000000e+00, -0.000000000000000e+00, -5.029221973713554e-03, -0.000000000000000e+00, -3.759964808974721e+04, -1.800283892345428e+04, 4.147572596125138e-08, 3.037928958576162e+00, 4.147572596125138e-08, 3.037928958576162e+00, 8.999549371475473e+01, 1.732645927162444e+03, 1.000028664462231e+00
622, 1.845377800146809e-01, -6.138144532867778e-02, 7.056127210630168e-02, 0.000000000000000e+00, 0.000000000000000e+00, 1.571046275909833e+04, 0.000000000000000e+00, 6.284185103639331e+03, 3.102508016842611e+02, 0.000000000000000e+00, 8.333573712811854e-01, 0.000000000000000e+00, 0.000000000000000e+00, 1.894022399979325e-05, 6.170602813714820e-04, -1.890610173170496e-04, -3.671320558917940e+01, 2.550211927539334e-01, 0.000000000000000e+00, 1.232361605602163e-06, -0.000000000000000e+00, -0.000000000000000e+00, -5.177245816674523e-03, -0.000000000000000e+00, -3.270320010555985e+04, -1.673083376926184e+04, 4.138804308573535e-08, 3.037928958576162e+00, 4.138804308573535e-08, 3.037928958576162e+00, 8.999509310778677e+01, 1.732591632080202e+03, 1.000028331916303e+00
623, 2.037722725853664e-01, -6.691625723171488e-02, 7.035285138374492e-02, 0.000000000000000e+00, 0.000000000000000e+00, 1.572064570296487e+04, 0.000000000000000e+00, 6.288258281185946e+03, 3.113716103427298e+02, 0.000000000000000e+00, 8.376013125972890e-01, 0.000000000000000e+00, 0.000000000000000e+00, 1.899234709466694e-05, 5.712752115222291e-04, -1.532563366064709e-04, -3.668669308966026e+01, 2.431141925902011e-01, 0.000000000000000e+00, 1.180102918261771e-06, -0.000000000000000e+00, -0.000000000000000e+00, -5.085547904265764e-03, -0.000000000000000e+00, -2.988972003624237e+04, -1.782280332958698e+04, 4.131418115044010e-08, 3.037928958576162e+00, 4.131418115044010e-08, 3.037928958576162e+00, 8.999483383318366e+01, 1.732552687691011e+03, 1.000027743436997e+00
624, 2.231942478055604e-01, -7.175183865274677e-02, 7.017126007826027e-02, 0.000000000000000e+00, 0.000000000000000e+00, 1.572690007883589e+04, 0.000000000000000e+00, 6.290760031534354e+03, 3.123015853219634e+02, 0.000000000000000e+00, 8.402079462499302e-01, 0.000000000000000e+00, 0.000000000000000e+00, 1.903552547164989e-05, 5.538232717051145e-04, -1.269789147327607e-04, -3.787595842235547e+01, 2.374362906569228e-01, 0.000000000000000e+00, 1.394554806108571e-06, -0.000000000000000e+00, -0.000000000000000e+00, -4.251058010522286e-03, -0.000000000000000e+00, -2.864806988947999e+04, -1.800359703516960e+04, 3.437754411249560e-08, 2.531607465480147e+00, 3.437754411249560e-08, 2.531607465480147e+00, 8.999468701695719e+01, 1.732529024544445e+03, 1.000025967121027e+00
625, 2.427828423569937e-01, -7.586048197954276e-02, 7.002640108542341e-02, 0.000000000000000e+00, 0.000000000000000e+00, 1.573162952384209e+04, 0.000000000000000e+00, 6.292651809536834e+03, 3.130417336298680e+02, 0.000000000000000e+00, 8.421790350948767e-01, 0.000000000000000e+00, 0.000000000000000e+00, 1.906984505288950e-05, 5.550736759478773e-04, -1.054611571436189e-04, -3.737948360125753e+01, 2.361002323543385e-01, 0.000000000000000e+00, 1.320816084069619e-06, -0.000000000000000e+00, -0.000000000000000e+00, -4.060371478998801e-03, -0.000000000000000e+00, -2.843595823509386e+04, -1.758873078268766e+04, 3.433710771601813e-08, 2.531607465480147e+00, 3.433710771601813e-08, 2.531607465480147e+00, 8.999458736375935e+01, 1.732514014841177e+03, 1.000025127056127e+00
626, 2.625133102971444e-01, -7.922225926147709e-02, 6.990788362938262e-02, 0.000000000000000e+00, 0.000000000000000e+00, 1.573484075587331e+04, 0.000000000000000e+00, 6.293936302349322e+03, 3.136364532547177e+02, 0.000000000000000e+00, 8.435173789443092e-01, 0.000000000000000e+00, 0.000000000000000e+00, 1.909739236727957e-05, 5.727190351486953e-04, -8.639132973571721e-05, -3.657692452342614e+01, 2.385010078455033e-01, 0.000000000000000e+00, 1.256162095827897e-06, -0.000000000000000e+00, -0.000000000000000e+00, -3.854712617326016e-03, -0.000000000000000e+00, -2.910831752959606e+04, -1.747003727757931e+04, 3.430456539014353e-08, 2.531607465480147e+00, 3.430456539014353e-08, 2.531607465480147e+00, 8.999456998478979e+01, 1.732510524337452e+03, 1.000024335057089e+00
627, 2.823574958129602e-01, -8.183008788761857e-02, 6.980368889388597e-02, 0.000000000000000e+00, 0.000000000000000e+00, 1.573483390920354e+04, 0.000000000000000e+00, 6.293933563681415e+03, 3.141044761821276e+02, 0.000000000000000e+00, 8.435145254605730e-01, 0.000000000000000e+00, 0.000000000000000e+00, 1.911905301324279e-05, 6.008404147591425e-04, -6.736310172457452e-05, -3.568707917329706e+01, 2.432181423295250e-01, 0.000000000000000e+00, 1.207430592265150e-06, -0.000000000000000e+00, -0.000000000000000e+00, -3.696237513492193e-03, -0.000000000000000e+00, -3.035073416109480e+04, -1.599460451662540e+04, 3.427897144052456e-08, 2.531607465480147e+00, 3.427897144052456e-08, 2.531607465480147e+00, 8.999457311944489e+01, 1.732512064320025e+03, 1.000023600178299e+00
628, 3.022865183039095e-01, -8.368142444254503e-02, 6.971528572846063e-02, 0.000000000000000e+00, 0.000000000000000e+00, 1.573394269718550e+04, 0.000000000000000e+00, 6.293577078874200e+03, 3.144849662470664e+02, 0.000000000000000e+00, 8.431430953953261e-01, 0.000000000000000e+00, 0.000000000000000e+00, 1.913665081080626e-05, 6.366781201547249e-04, -4.709904716971168e-05, -3.481715893679420e+01, 2.495376364404694e-01, 0.000000000000000e+00, 1.170533611447041e-06, -0.000000000000000e+00, -0.000000000000000e+00, -3.591549781670571e-03, -0.000000000000000e+00, -3.201865310628326e+04, -1.593453705078363e+04, 3.425807025417510e-08, 2.531607465480147e+00, 3.425807025417510e-08, 2.531607465480147e+00, 8.999463296674269e+01, 1.732521474823322e+03, 1.000023207091082e+00
629, 3.222710457036638e-01, -8.478274184179567e-02, 6.962470108816846e-02, 0.000000000000000e+00, 0.000000000000000e+00, 1.572985506025608e+04, 0.000000000000000e+00, 6.291942024102430e+03, 3.148123156406474e+02, 0.000000000000000e+00, 8.414394926378732e-01, 0.000000000000000e+00, 0.000000000000000e+00, 1.915178243116159e-05, 6.763791744522602e-04, -2.478121656472968e-05, -3.400980715045677e+01, 2.565640563670968e-01, 0.000000000000000e+00, 1.141698628839859e-06, -0.000000000000000e+00, -0.000000000000000e+00, -3.409981666770825e-03, -0.000000000000000e+00, -3.391847287832390e+04, -1.459992280876637e+04, 3.424002038668166e-08, 2.531607465480147e+00, 3.424002038668166e-08, 2.531607465480147e+00, 8.999472992638779e+01, 1.732536746522324e+03, 1.000023006633466e+00
630, 3.422826498835156e-01, -8.514680486208306e-02, 6.954183060387067e-02, 0.000000000000000e+00, 0.000000000000000e+00, 1.572508302972218e+04, 0.000000000000000e+00, 6.290033211888869e+03, 3.150918463787751e+02, 0.000000000000000e+00, 8.394506554401068e-01, 0.000000000000000e+00, 0.000000000000000e+00, 1.916469750555754e-05, 7.177565846497185e-04, -1.592950877334425e-07, -3.344570967397424e+01, 2.638691476148924e-01, 0.000000000000000e+00, 1.118549801161538e-06, -0.000000000000000e+00, -0.000000000000000e+00, -3.236959143332467e-03, -0.000000000000000e+00, -3.594505881439537e+04, -1.479726831173897e+04, 3.422453442180168e-08, 2.531607465480147e+00, 3.422453442180168e-08, 2.531607465480147e+00, 8.999485952695855e+01, 1.732557187547807e+03, 1.000022877601758e+00
631, 3.622944840969359e-01, -8.479162443133451e-02, 6.945427105266512e-02, 0.000000000000000e+00, 0.000000000000000e+00, 1.571750788080275e+04, 0.000000000000000e+00, 6.287003152321097e+03, 3.153370974589087e+02, 0.000000000000000e+00, 8.362935637487294e-01, 0.000000000000000e+00, 0.000000000000000e+00, 1.917602411106627e-05, 7.582803145954613e-04, 2.672313994397985e-05, -3.286855247547388e+01, 2.709665820031953e-01, 0.000000000000000e+00, 1.097758757794580e-06, -0.000000000000000e+00, -0.000000000000000e+00, -3.018243493983975e-03, -0.000000000000000e+00, -3.797560586935622e+04, -1.364601197850704e+04, 3.421092345188703e-08, 2.531607465480147e+00, 3.421092345188703e-08, 2.531607465480147e+00, 8.999499710247854e+01, 1.732577428098827e+03, 1.000021437813766e+00
632, 3.822817255692185e-01, -8.373716666285178e-02, 6.937634804342491e-02, 0.000000000000000e+00, 0.000000000000000e+00, 1.570963306267167e+04, 0.000000000000000e+00, 6.283853225068669e+03, 3.155331134965131e+02, 0.000000000000000e+00, 8.330115790435908e-01, 0.000000000000000e+00, 0.000000000000000e+00, 1.918507373320734e-05, 7.974415159718565e-04, 5.558945162803559e-05, -3.238353092305255e+01, 2.778361499258374e-01, 0.000000000000000e+00, 1.078359280998060e-06, -0.000000000000000e+00, -0.000000000000000e+00, -2.782239433902509e-03, -0.000000000000000e+00, -3.999005495680394e+04, -1.381655964970589e+04, 3.419994272366034e-08, 2.531607465480147e+00, 3.419994272366034e-08, 2.531607465480147e+00, 8.999516645740742e+01, 1.732599645845381e+03, 1.000021160612111e+00
633, 4.022220089592549e-01, -8.200828650936029e-02, 6.929784899401782e-02, 0.000000000000000e+00, 0.000000000000000e+00, 1.569953128535379e+04, 0.000000000000000e+00, 6.279812514141513e+03, 3.156874149958535e+02, 0.000000000000000e+00, 8.288014654764965e-01, 0.000000000000000e+00, 0.000000000000000e+00, 1.919219553615010e-05, 8.345243396436367e-04, 8.621180178546278e-05, -3.185243668029380e+01, 2.843641955837760e-01, 0.000000000000000e+00, 1.058473873574997e-06, -0.000000000000000e+00, -0.000000000000000e+00, -2.567508178637972e-03, -0.000000000000000e+00, -4.195497696736942e+04, -1.307750439393520e+04, 3.419133208080006e-08, 2.531607465480147e+00, 3.419133208080006e-08, 2.531607465480147e+00, 8.999529214388298e+01, 1.732616881610282e+03, 1.000020479403043e+00
634, 4.220946612090440e-01, -7.962423100258843e-02, 6.922394085580594e-02, 0.000000000000000e+00, 0.000000000000000e+00, 1.568869994244295e+04, 0.000000000000000e+00, 6.275479976977178e+03, 3.158064340927490e+02, 0.000000000000000e+00, 8.242872911580807e-01, 0.000000000000000e+00, 0.000000000000000e+00, 1.919768770170310e-05, 8.683018472538460e-04, 1.182514584590022e-04, -3.128042847768889e+01, 2.903848618281533e-01, 0.000000000000000e+00, 1.038487126393164e-06, -0.000000000000000e+00, -0.000000000000000e+00, -2.349857670479878e-03, -0.000000000000000e+00, -4.381030648155730e+04, -1.271313701033592e+04, 3.418460852598499e-08, 2.531607465480147e+00, 3.418460852598499e-08, 2.531607465480147e+00, 8.999543447373567e+01, 1.732634821486759e+03, 1.000019421549049e+00
635, 4.418811540585302e-01, -7.660722492684882e-02, 6.915281179482483e-02, 0.000000000000000e+00, 0.000000000000000e+00, 1.567707211905041e+04, 0.000000000000000e+00, 6.270828847620161e+03, 3.158969620660261e+02, 0.000000000000000e+00, 8.194411679977508e-01, 0.000000000000000e+00, 0.000000000000000e+00, 1.920186445295260e-05, 9.002853012662042e-04, 1.516344196357416e-04, -3.068970192618976e+01, 2.961761676747857e-01, 0.000000000000000e+00, 1.018141895924724e-06, -0.000000000000000e+00, -0.000000000000000e+00, -2.145363334189310e-03, -0.000000000000000e+00, -4.563258784115750e+04, -1.250432446503639e+04, 3.417948498824637e-08, 2.531607465480147e+00, 3.417948498824637e-08, 2.531607465480147e+00, 8.999555397495143e+01, 1.732649702019638e+03, 1.000019286053374e+00
636, 4.615643067496321e-01, -7.297638638449017e-02, 6.907916636350436e-02, 0.000000000000000e+00, 0.000000000000000e+00, 1.566378267357057e+04, 0.000000000000000e+00, 6.265513069428225e+03, 3.159656692520164e+02, 0.000000000000000e+00, 8.139025312853023e-01, 0.000000000000000e+00, 0.000000000000000e+00, 1.920503404899252e-05, 9.290193415116926e-04, 1.860677885050427e-04, -3.009161314692274e+01, 3.015090778065395e-01, 0.000000000000000e+00, 9.971158329896799e-07, -0.000000000000000e+00, -0.000000000000000e+00, -1.924083844246357e-03, -0.000000000000000e+00, -4.734935385854513e+04, -1.174031940007210e+04, 3.417560887609558e-08, 2.531607465480147e+00, 3.417560887609558e-08, 2.531607465480147e+00, 8.999564010319141e+01, 1.732661102246289e+03, 1.000018561540804e+00
637, 4.811275733779192e-01, -6.874679175479265e-02, 6.900968128810386e-02, 0.000000000000000e+00, 0.000000000000000e+00, 1.565049321707658e+04, 0.000000000000000e+00, 6.260197286830631e+03, 3.160154702371448e+02, 0.000000000000000e+00, 8.083638899824933e-01, 0.000000000000000e+00, 0.000000000000000e+00, 1.920733125244892e-05, 9.560658020022935e-04, 2.217026585488520e-04, -2.947234163808650e+01, 3.066732858438422e-01, 0.000000000000000e+00, 9.757172982499921e-07, -0.000000000000000e+00, -0.000000000000000e+00, -1.696959790154311e-03, -0.000000000000000e+00, -4.904088651508098e+04, -1.147698908472061e+04, 3.417274763807720e-08, 2.531607465480147e+00, 3.417274763807720e-08, 2.531607465480147e+00, 8.999573138262413e+01, 1.732672193135714e+03, 1.000018212203420e+00
638, 5.005557801687267e-01, -6.393463078603040e-02, 6.894011525523805e-02, 0.000000000000000e+00, 0.000000000000000e+00, 1.563626117933400e+04, 0.000000000000000e+00, 6.254504471733600e+03, 3.160466909231678e+02, 0.000000000000000e+00, 8.024324094814013e-01, 0.000000000000000e+00, 0.000000000000000e+00, 1.920877129879678e-05, 9.842472867627617e-04, 2.592214703254151e-04, -2.872310000271260e+01, 3.121229982670406e-01, 0.000000000000000e+00, 9.531604866581397e-07, -0.000000000000000e+00, -0.000000000000000e+00, -1.470083001275165e-03, -0.000000000000000e+00, -5.085473205924411e+04, -1.124587049818039e+04, 3.417094127132004e-08, 2.531607465480147e+00, 3.417094127132004e-08, 2.531607465480147e+00, 8.999579611111780e+01, 1.732679798692433e+03, 1.000017926249809e+00
639, 5.198339374903925e-01, -5.855268631896569e-02, 6.886948111456644e-02, 0.000000000000000e+00, 0.000000000000000e+00, 1.561999682977365e+04, 0.000000000000000e+00, 6.247998731909457e+03, 3.160417567128434e+02, 0.000000000000000e+00, 7.956539232220812e-01, 0.000000000000000e+00, 0.000000000000000e+00, 1.920854371425255e-05, 1.010990700634316e-03, 2.981087139629604e-04, -2.800052197873193e+01, 3.174673843855775e-01, 0.000000000000000e+00, 9.284542871172267e-07, -0.000000000000000e+00, -0.000000000000000e+00, -1.286731244165320e-03, -0.000000000000000e+00, -5.266485496504152e+04, -1.003756390976906e+04, 3.417109445424049e-08, 2.531607465480147e+00, 3.417109445424049e-08, 2.531607465480147e+00, 8.999585954844414e+01, 1.732686860778803e+03, 1.000017678643261e+00
640, 5.389479542104190e-01, -5.261401070255167e-02, 6.881218205178326e-02, 0.000000000000000e+00, 0.000000000000000e+00, 1.560475380624107e+04, 0.000000000000000e+00, 6.241901522496429e+03, 3.159962496082151e+02, 0.000000000000000e+00, 7.893010945901956e-01, 0.000000000000000e+00, 0.000000000000000e+00, 1.920644467079096e-05, 1.040035906511476e-03, 3.395630014609342e-04, -2.721125499225790e+01, 3.233409120519382e-01, 0.000000000000000e+00, 9.011885871653084e-07, -0.000000000000000e+00, -0.000000000000000e+00, -1.013419267718082e-03, -0.000000000000000e+00, -5.467137853631029e+04, -1.054726999831200e+04, 3.417346609127526e-08, 2.531607465480147e+00, 3.417346609127526e-08, 2.531607465480147e+00, 8.999590622717915e+01, 1.732692460468448e+03, 1.000017452710655e+00
641, 5.578838454190962e-01, -4.612971047679440e-02, 6.874666588420179e-02, 0.000000000000000e+00, 0.000000000000000e+00, 1.558583777905771e+04, 0.000000000000000e+00, 6.234335111623084e+03, 3.159139821871617e+02, 0.000000000000000e+00, 7.814174697414111e-01, 0.000000000000000e+00, 0.000000000000000e+00, 1.920264965594582e-05, 1.070038977010750e-03, 3.834199786655235e-04, -2.634862633443231e+01, 3.294823159857774e-01, 0.000000000000000e+00, 8.706506048925333e-07, -0.000000000000000e+00, -0.000000000000000e+00, -8.088675910013672e-04, -0.000000000000000e+00, -5.681108846443624e+04, -8.924702938556671e+03, 3.417782031049397e-08, 2.531607465480147e+00, 3.417782031049397e-08, 2.531607465480147e+00, 8.999596040170208e+01, 1.732697964251512e+03, 1.000017250677583e+00
642, 5.766286565917270e-01, -3.911213421623571e-02, 6.869378527645266e-02, 0.000000000000000e+00, 0.000000000000000e+00, 1.556795461500345e+04, 0.000000000000000e+00, 6.227181846001379e+03, 3.157944151679840e+02, 0.000000000000000e+00, 7.739643108330181e-01, 0.000000000000000e+00, 0.000000000000000e+00, 1.919713313186097e-05, 1.102312399486605e-03, 4.304010028018327e-04, -2.542913996094514e+01, 3.361491957878100e-01, 0.000000000000000e+00, 8.384544784575815e-07, -0.000000000000000e+00, -0.000000000000000e+00, -6.101341140813833e-04, -0.000000000000000e+00, -5.916215392718576e+04, -9.268603501319885e+03, 3.418421990367779e-08, 2.531607465480147e+00, 3.418421990367779e-08, 2.531607465480147e+00, 8.999599552361266e+01, 1.732702126683369e+03, 1.000017047026589e+00
643, 5.951692657088925e-01, -3.157151237425076e-02, 6.863533354381031e-02, 0.000000000000000e+00, 0.000000000000000e+00, 1.554698959373859e+04, 0.000000000000000e+00, 6.218795837495434e+03, 3.156377188025626e+02, 0.000000000000000e+00, 7.652267275658325e-01, 0.000000000000000e+00, 0.000000000000000e+00, 1.918990199047283e-05, 1.139307580940232e-03, 4.818425716505097e-04, -2.444197807948976e+01, 3.436672340350579e-01, 0.000000000000000e+00, 8.043406338595809e-07, -0.000000000000000e+00, -0.000000000000000e+00, -4.934090000727398e-04, -0.000000000000000e+00, -6.186777048976956e+04, -7.868202509164810e+03, 3.419260778779981e-08, 2.531607465480147e+00, 3.419260778779981e-08, 2.531607465480147e+00, 8.999604908526497e+01, 1.732708093846468e+03, 1.000016804677315e+00
644, 6.134941426765342e-01, -2.352076897175091e-02, 6.858878543489826e-02, 0.000000000000000e+00, 0.000000000000000e+00, 1.552628363231374e+04, 0.000000000000000e+00, 6.210513452925495e+03, 3.154312664944893e+02, 0.000000000000000e+00, 7.565971125613407e-01, 0.000000000000000e+00, 0.000000000000000e+00, 1.918037203136517e-05, 1.184259110513843e-03, 5.396910462660970e-04, -2.358584115206883e+01, 3.525577345415412e-01, 0.000000000000000e+00, 7.714937609566529e-07, -0.000000000000000e+00, -0.000000000000000e+00, -4.517047440172599e-04, -0.000000000000000e+00, -6.512231222060225e+04, -8.200334781169891e+03, 3.420369967872284e-08, 2.531607465480147e+00, 3.420369967872284e-08, 2.531607465480147e+00, 8.999610193388568e+01, 1.732714289581648e+03, 1.000016588375791e+00
645, 6.315924279479489e-01, -1.497273397972617e-02, 6.853611086474592e-02, 0.000000000000000e+00, 0.000000000000000e+00, 1.550190712822954e+04, 0.000000000000000e+00, 6.200762851291815e+03, 3.151780838927534e+02, 0.000000000000000e+00, 7.464377270063378e-01, 0.000000000000000e+00, 0.000000000000000e+00, 1.916868077002450e-05, 1.238484599942430e-03, 6.055348537783288e-04, -2.296751217838934e+01, 3.629391463401311e-01, 0.000000000000000e+00, 7.440086056568941e-07, -0.000000000000000e+00, -0.000000000000000e+00, -4.706530937128393e-04, -0.000000000000000e+00, -6.902518443309353e+04, -7.003771183967590e+03, 3.421736291095954e-08, 2.531607465480147e+00, 3.421736291095954e-08, 2.531607465480147e+00, 8.999614323127824e+01, 1.732719957353391e+03, 1.000016299012117e+00
646, 6.494533395435550e-01, -5.939163986214774e-03, 6.849458616029974e-02, 0.000000000000000e+00, 0.000000000000000e+00, 1.547808219103155e+04, 0.000000000000000e+00, 6.191232876412619e+03, 3.148844679652905e+02, 0.000000000000000e+00, 7.365082177550489e-01, 0.000000000000000e+00, 0.000000000000000e+00, 1.915511660489538e-05, 1.305841513751336e-03, 6.822561278571305e-04, -2.280014735653267e+01, 3.753528414275941e-01, 0.000000000000000e+00, 7.350976431210978e-07, -0.000000000000000e+00, -0.000000000000000e+00, -3.594695211218309e-04, -0.000000000000000e+00, -7.382077874349858e+04, -7.961971533298492e+03, 3.423317117464711e-08, 2.531607465480147e+00, 3.423317117464711e-08, 2.531607465480147e+00, 8.999622791887853e+01, 1.732728144800338e+03, 1.000015979156134e+00
647, 6.670695412026935e-01, 3.562806253787924e-03, 6.843848955793821e-02, 0.000000000000000e+00, 0.000000000000000e+00, 1.544986115059165e+04, 0.000000000000000e+00, 6.179944460236657e+03, 3.145679711404797e+02, 0.000000000000000e+00, 7.247465463684541e-01, 0.000000000000000e+00, 0.000000000000000e+00, 1.914048842034167e-05, 1.381659864643320e-03, 7.686115086057209e-04, -2.310253050500436e+01, 3.889705932341995e-01, 0.000000000000000e+00, 7.471890688748241e-07, -0.000000000000000e+00, -0.000000000000000e+00, -8.718079838905372e-05, -0.000000000000000e+00, -7.927915968439975e+04, -7.286511000633240e+03, 3.425030543384360e-08, 2.531607465480147e+00, 3.425030543384360e-08, 2.531607465480147e+00, 8.999628392759534e+01, 1.732734147795277e+03, 1.000015657809597e+00
648, 6.844326962634174e-01, 1.351970344310850e-02, 6.838582732716331e-02, 0.000000000000000e+00, 0.000000000000000e+00, 1.542183244246926e+04, 0.000000000000000e+00, 6.168732976987702e+03, 3.142390922133717e+02, 0.000000000000000e+00, 7.130650332425198e-01, 0.000000000000000e+00, 0.000000000000000e+00, 1.912528025258060e-05, 1.462539378916932e-03, 8.635589306274049e-04, -2.373465697967832e+01, 4.033168210161295e-01, 0.000000000000000e+00, 7.725067499803205e-07, -0.000000000000000e+00, -0.000000000000000e+00, 2.755237902712024e-04, -0.000000000000000e+00, -8.523356729080767e+04, -8.904826861381531e+03, 3.426809177594610e-08, 2.531607465480147e+00, 3.426809177594610e-08, 2.531607465480147e+00, 8.999636893316246e+01, 1.732743108056813e+03, 1.000015359544561e+00
649, 7.015373815391204e-01, 2.391440277900636e-02, 6.831201343409918e-02, 0.000000000000000e+00, 0.000000000000000e+00, 1.538895419336128e+04, 0.000000000000000e+00, 6.155581677344509e+03, 3.139079809896991e+02, 0.000000000000000e+00, 6.993623789198283e-01, 0.000000000000000e+00, 0.000000000000000e+00, 1.910996092618029e-05, 1.544370978854546e-03, 9.649738782761730e-04, -2.454900097048069e+01, 4.177274521194739e-01, 0.000000000000000e+00, 8.019480530561045e-07, -0.000000000000000e+00, -0.000000000000000e+00, 6.925120823891052e-04, -0.000000000000000e+00, -9.145937230397513e+04, -8.474081069946289e+03, 3.428604490765905e-08, 2.531607465480147e+00, 3.428604490765905e-08, 2.531607465480147e+00, 8.999645139394600e+01, 1.732751852037426e+03, 1.000015138002360e+00
650, 7.183788665494001e-01, 3.473038924464057e-02, 6.823918659096979e-02, 0.000000000000000e+00, 0.000000000000000e+00, 1.535628166009444e+04, 0.000000000000000e+00, 6.142512664037776e+03, 3.135758184170041e+02, 0.000000000000000e+00, 6.857454607034228e-01, 0.000000000000000e+00, 0.000000000000000e+00, 1.909458495081889e-05, 1.627612926744416e-03, 1.073257850235530e-03, -2.543394846449304e+01, 4.323363923124036e-01, 0.000000000000000e+00, 8.330733885677587e-07, -0.000000000000000e+00, -0.000000000000000e+00, 1.153876396935923e-03, -0.000000000000000e+00, -9.799480212601433e+04, -1.069400249195099e+04, 3.430406045102676e-08, 2.531607465480147e+00, 3.430406045102676e-08, 2.531607465480147e+00, 8.999654701710327e+01, 1.732761457220172e+03, 1.000014749560733e+00
651, 7.349543804779368e-01, 4.594977485861691e-02, 6.813982005366270e-02, 0.000000000000000e+00, 0.000000000000000e+00, 1.531788642630615e+04, 0.000000000000000e+00, 6.127154570522458e+03, 3.132479225480343e+02, 0.000000000000000e+00, 6.697434949505644e-01, 0.000000000000000e+00, 0.000000000000000e+00, 1.907939860760056e-05, 1.709654249964820e-03, 1.186658114399486e-03, -2.632943297087146e+01, 4.467076394844426e-01, 0.000000000000000e+00, 8.625484765505545e-07, -0.000000000000000e+00, -0.000000000000000e+00, 1.607468884586414e-03, -0.000000000000000e+00, -1.046880592188559e+05, -9.864608736991882e+03, 3.432187909777318e-08, 2.531607465480147e+00, 3.432187909777318e-08, 2.531607465480147e+00, 8.999664621287975e+01, 1.732770669140167e+03, 1.000013965542866e+00
652, 7.512623900910748e-01, 5.755459480642447e-02, 6.804443397233456e-02, 0.000000000000000e+00, 0.000000000000000e+00, 1.528058528612745e+04, 0.000000000000000e+00, 6.112234114450978e+03, 3.129231692270297e+02, 0.000000000000000e+00, 6.541975141402041e-01, 0.000000000000000e+00, 0.000000000000000e+00, 1.906435008745649e-05, 1.793204130820591e-03, 1.306907279777784e-03, -2.719424528711803e+01, 4.612978290374981e-01, 0.000000000000000e+00, 8.911764579789594e-07, -0.000000000000000e+00, -0.000000000000000e+00, 2.083376891757350e-03, -0.000000000000000e+00, -1.117076216058467e+05, -1.321756238555908e+04, 3.433953120280448e-08, 2.531607465480147e+00, 3.433953120280448e-08, 2.531607465480147e+00, 8.999675704860330e+01, 1.732780872198636e+03, 1.000014521246018e+00
653, 7.673032691119174e-01, 6.952600765991193e-02, 6.791017486125299e-02, 0.000000000000000e+00, 0.000000000000000e+00, 1.523502234942566e+04, 0.000000000000000e+00, 6.094008939770260e+03, 3.126069171532309e+02, 0.000000000000000e+00, 6.352082677998395e-01, 0.000000000000000e+00, 0.000000000000000e+00, 1.904968810523068e-05, 1.872713970226018e-03, 1.429941676583182e-03, -2.800152718526376e+01, 4.752508332650909e-01, 0.000000000000000e+00, 9.161823924422419e-07, -0.000000000000000e+00, -0.000000000000000e+00, 2.520363545434966e-03, -0.000000000000000e+00, -1.187114606094688e+05, -1.104326202106476e+04, 3.435678220892294e-08, 2.531607465480147e+00, 3.435678220892294e-08, 2.531607465480147e+00, 8.999685252590341e+01, 1.732790133392824e+03, 1.000013548293921e+00
654, 7.830770802044101e-01, 8.184722680678629e-02, 6.779168084638608e-02, 0.000000000000000e+00, 0.000000000000000e+00, 1.519332334633090e+04, 0.000000000000000e+00, 6.077329338532357e+03, 3.122962110903218e+02, 0.000000000000000e+00, 6.178293914755060e-01, 0.000000000000000e+00, 0.000000000000000e+00, 1.903527613010195e-05, 1.954724999530739e-03, 1.560367196974375e-03, -2.876672975095006e+01, 4.895881762340250e-01, 0.000000000000000e+00, 9.394256966115994e-07, -0.000000000000000e+00, -0.000000000000000e+00, 2.976365055545202e-03, -0.000000000000000e+00, -1.261079872979480e+05, -1.564134716606140e+04, 3.437370344412174e-08, 2.531607465480147e+00, 3.437370344412174e-08, 2.531607465480147e+00, 8.999697693631384e+01, 1.732800509308699e+03, 1.000013073723604e+00
655, 7.985873398864575e-01, 9.449864464779296e-02, 6.762511148137981e-02, 0.000000000000000e+00, 0.000000000000000e+00, 1.514139428855453e+04, 0.000000000000000e+00, 6.056557715421813e+03, 3.119954147138618e+02, 0.000000000000000e+00, 5.961869394801006e-01, 0.000000000000000e+00, 0.000000000000000e+00, 1.902131708506382e-05, 2.037347213582587e-03, 1.696549278373518e-03, -2.948287844791085e+01, 5.038125168670520e-01, 0.000000000000000e+00, 9.581125385342084e-07, -0.000000000000000e+00, -0.000000000000000e+00, 3.413056625377501e-03, -0.000000000000000e+00, -1.337741214515160e+05, -1.336910215187073e+04, 3.439013915658297e-08, 2.531607465480147e+00, 3.439013915658297e-08, 2.531607465480147e+00, 8.999709359061573e+01, 1.732810028038704e+03, 1.000012813732192e+00
656, 8.138376311118766e-01, 1.074622962934772e-01, 6.746392961281715e-02, 0.000000000000000e+00, 0.000000000000000e+00, 1.509092926633973e+04, 0.000000000000000e+00, 6.036371706535891e+03, 3.116984810657734e+02, 0.000000000000000e+00, 5.751546529819593e-01, 0.000000000000000e+00, 0.000000000000000e+00, 1.900753079907175e-05, 2.118804996920239e-03, 1.837151804799525e-03, -3.010059780786305e+01, 5.179132166032268e-01, 0.000000000000000e+00, 9.750563363501062e-07, -0.000000000000000e+00, -0.000000000000000e+00, 3.909897925753719e-03, -0.000000000000000e+00, -1.416030996200829e+05, -1.693683077812195e+04, 3.440639247767212e-08, 2.531607465480147e+00, 3.440639247767212e-08, 2.531607465480147e+00, 8.999719518300253e+01, 1.732818855732527e+03, 1.000012683816601e+00
657, 8.288311491516200e-01, 1.207221380113955e-01, 6.727059105074332e-02, 0.000000000000000e+00, 0.000000000000000e+00, 1.503360081941499e+04, 0.000000000000000e+00, 6.013440327765993e+03, 3.114068113451425e+02, 0.000000000000000e+00, 5.512618997977339e-01, 0.000000000000000e+00, 0.000000000000000e+00, 1.899398261811774e-05, 2.200994512420158e-03, 1.983586893207533e-03, -3.066088109573401e+01, 5.319682057591676e-01, 0.000000000000000e+00, 9.879221599780564e-07, -0.000000000000000e+00, -0.000000000000000e+00, 4.426609475718849e-03, -0.000000000000000e+00, -1.497167207442942e+05, -1.589032378196716e+04, 3.442237367128162e-08, 2.531607465480147e+00, 3.442237367128162e-08, 2.531607465480147e+00, 8.999731282992106e+01, 1.732828032969572e+03, 1.000011577657844e+00
658, 8.435733802498401e-01, 1.342608375514994e-01, 6.707346677079015e-02, 0.000000000000000e+00, 0.000000000000000e+00, 1.497555658083184e+04, 0.000000000000000e+00, 5.990222632332736e+03, 3.111161493952629e+02, 0.000000000000000e+00, 5.270708264192102e-01, 0.000000000000000e+00, 0.000000000000000e+00, 1.898047503698360e-05, 2.286346767926387e-03, 2.137787174792728e-03, -3.114727138844744e+01, 5.463532728988016e-01, 0.000000000000000e+00, 9.992384133883996e-07, -0.000000000000000e+00, -0.000000000000000e+00, 5.014250998807611e-03, -0.000000000000000e+00, -1.582759300409179e+05, -1.907928278160095e+04, 3.443831831604403e-08, 2.531607465480147e+00, 3.443831831604403e-08, 2.531607465480147e+00, 8.999743135598646e+01, 1.732836711636311e+03, 1.000011630411866e+00
659, 8.580705580715461e-01, 1.480616624721707e-01, 6.684072111802268e-02, 0.000000000000000e+00, 0.000000000000000e+00, 1.490980032601991e+04, 0.000000000000000e+00, 5.963920130407963e+03, 3.108286465160547e+02, 0.000000000000000e+00, 4.996656192172279e-01, 0.000000000000000e+00, 0.000000000000000e+00, 1.896710815653703e-05, 2.373692365974408e-03, 2.298900947843162e-03, -3.159644429306912e+01, 5.607814152128187e-01, 0.000000000000000e+00, 1.006982017462049e-06, -0.000000000000000e+00, -0.000000000000000e+00, 5.684002418847773e-03, -0.000000000000000e+00, -1.672096981291369e+05, -1.783072485351562e+04, 3.445413920797165e-08, 2.531607465480147e+00, 3.445413920797165e-08, 2.531607465480147e+00, 8.999753616599990e+01, 1.732844388741528e+03, 1.000010723203076e+00
660, 8.723283036044638e-01, 1.621097372247161e-01, 6.660382289757172e-02, 0.000000000000000e+00, 0.000000000000000e+00, 1.484314244777011e+04, 0.000000000000000e+00, 5.937256979108041e+03, 3.105396324457277e+02, 0.000000000000000e+00, 4.718846427868465e-01, 0.000000000000000e+00, 0.000000000000000e+00, 1.895366488774256e-05, 2.466594778509490e-03, 2.470525580704365e-03, -3.199051317171094e+01, 5.757835227021315e-01, 0.000000000000000e+00, 1.014154209373387e-06, -0.000000000000000e+00, -0.000000000000000e+00, 6.488156650620058e-03, -0.000000000000000e+00, -1.767785746455434e+05, -2.161692435264587e+04, 3.447005175071421e-08, 2.531607465480147e+00, 3.447005175071421e-08, 2.531607465480147e+00, 8.999764833239486e+01, 1.732851620701892e+03, 1.000010098623929e+00
661, 8.863536679311055e-01, 1.763898447170618e-01, 6.632404832061561e-02, 0.000000000000000e+00, 0.000000000000000e+00, 1.476705167228342e+04, 0.000000000000000e+00, 5.906820668913369e+03, 3.102509386740766e+02, 0.000000000000000e+00, 4.401723216649071e-01, 0.000000000000000e+00, 0.000000000000000e+00, 1.894023037614208e-05, 2.565514669927133e-03, 2.653280649204508e-03, -3.237808470586845e+01, 5.911948869753756e-01, 0.000000000000000e+00, 1.018114321674925e-06, -0.000000000000000e+00, -0.000000000000000e+00, 7.415334558471516e-03, -0.000000000000000e+00, -1.870231577263268e+05, -2.010597490692139e+04, 3.448598675715372e-08, 2.531607465480147e+00, 3.448598675715372e-08, 2.531607465480147e+00, 8.999775988137527e+01, 1.732858825477240e+03, 1.000010280989938e+00
662, 9.001541152982862e-01, 1.908874669259165e-01, 6.603400035921754e-02, 0.000000000000000e+00, 0.000000000000000e+00, 1.468855843695202e+04, 0.000000000000000e+00, 5.875423374780806e+03, 3.099573250641430e+02, 0.000000000000000e+00, 4.074587283441868e-01, 0.000000000000000e+00, 0.000000000000000e+00, 1.892656061457864e-05, 2.675084123079862e-03, 2.852760027814027e-03, -3.275325275371895e+01, 6.076669734046795e-01, 0.000000000000000e+00, 1.022254458385884e-06, -0.000000000000000e+00, -0.000000000000000e+00, 8.553480808930987e-03, -0.000000000000000e+00, -1.983157853642906e+05, -2.451691465759277e+04, 3.450222968717213e-08, 2.531607465480147e+00, 3.450222968717213e-08, 2.531607465480147e+00, 8.999785020028203e+01, 1.732864901838857e+03, 1.000009350234415e+00
663, 9.137355921719723e-01, 2.055904437879587e-01, 6.568841395363564e-02, 0.000000000000000e+00, 0.000000000000000e+00, 1.459778167376908e+04, 0.000000000000000e+00, 5.839112669507629e+03, 3.096623638242182e+02, 0.000000000000000e+00, 3.696257341861559e-01, 0.000000000000000e+00, 0.000000000000000e+00, 1.891282170426106e-05, 2.798680391501713e-03, 3.073268657635614e-03, -3.318428625217977e+01, 6.252858742996918e-01, 0.000000000000000e+00, 1.024118988764535e-06, -0.000000000000000e+00, -0.000000000000000e+00, 9.947660999005717e-03, -0.000000000000000e+00, -2.109352937061495e+05, -2.301506311798096e+04, 3.451856570810123e-08, 2.531607465480147e+00, 3.451856570810123e-08, 2.531607465480147e+00, 8.999796482267676e+01, 1.732871174814735e+03, 1.000008751922408e+00
664, 9.271069719321454e-01, 2.204847620576193e-01, 6.531369646215297e-02, 0.000000000000000e+00, 0.000000000000000e+00, 1.450056753370958e+04, 0.000000000000000e+00, 5.800227013483833e+03, 3.093649252805675e+02, 0.000000000000000e+00, 3.291098371218742e-01, 0.000000000000000e+00, 0.000000000000000e+00, 1.889896089387382e-05, 2.946603625458830e-03, 3.327502294406791e-03, -3.359706219818805e+01, 6.452097695229021e-01, 0.000000000000000e+00, 1.028026476266609e-06, -0.000000000000000e+00, -0.000000000000000e+00, 1.175335343571271e-02, -0.000000000000000e+00, -2.257156919363691e+05, -2.828150653076172e+04, 3.453508232052838e-08, 2.531607465480147e+00, 3.453508232052838e-08, 2.531607465480147e+00, 8.999804817034131e+01, 1.732875933102985e+03, 1.000008643317386e+00
665, 9.402743327416018e-01, 2.355597682580450e-01, 6.484781608984316e-02, 0.000000000000000e+00, 0.000000000000000e+00, 1.438290588379983e+04, 0.000000000000000e+00, 5.753162353519931e+03, 3.090591604443616e+02, 0.000000000000000e+00, 2.800720398092623e-01, 0.000000000000000e+00, 0.000000000000000e+00, 1.888470525059728e-05, 3.138990665323418e-03, 3.640788357682063e-03, -3.382963682955485e+01, 6.691118049079466e-01, 0.000000000000000e+00, 1.031113329611882e-06, -0.000000000000000e+00, -0.000000000000000e+00, 1.406096534543332e-02, -0.000000000000000e+00, -2.443096373868700e+05, -2.736035571289062e+04, 3.455208219048025e-08, 2.531607465480147e+00, 3.455208219048025e-08, 2.531607465480147e+00, 8.999815397227506e+01, 1.732881480928070e+03, 1.000008049682444e+00
666, 9.532465681310415e-01, 2.508030228179284e-01, 6.429324443547034e-02, 0.000000000000000e+00, 0.000000000000000e+00, 1.424272159212453e+04, 0.000000000000000e+00, 5.697088636849812e+03, 3.086867437497031e+02, 0.000000000000000e+00, 2.216474903757150e-01, 0.000000000000000e+00, 0.000000000000000e+00, 1.886733274954423e-05, 3.437285998833778e-03, 4.089586040187076e-03, -3.407399967703648e+01, 7.029934754385341e-01, 0.000000000000000e+00, 1.035545613550756e-06, -0.000000000000000e+00, -0.000000000000000e+00, 1.726485680220682e-02, -0.000000000000000e+00, -2.717551456428440e+05, -3.040516149139404e+04, 3.457285242964384e-08, 2.531607465480147e+00, 3.457285242964384e-08, 2.531607465480147e+00, 8.999824176356957e+01, 1.732885902225127e+03, 1.000007711682071e+00
667, 9.660309101329931e-01, 2.662042183790331e-01, 6.353937690769110e-02, 0.000000000000000e+00, 0.000000000000000e+00, 1.405121524287744e+04, 0.000000000000000e+00, 5.620486097150974e+03, 3.081493610358027e+02, 0.000000000000000e+00, 1.418334681717079e-01, 0.000000000000000e+00, 0.000000000000000e+00, 1.884224677284490e-05, 3.963597057286844e-03, 4.831850088660883e-03, -3.674328317760544e+01, 7.568840102036712e-01, 0.000000000000000e+00, 1.037882233331124e-06, -0.000000000000000e+00, -0.000000000000000e+00, 2.386076617933464e-02, -0.000000000000000e+00, -3.183318111912669e+05, -1.412715535354614e+05, 3.460284153527487e-08, 2.531607465480147e+00, 3.460284153527487e-08, 2.531607465480147e+00, 8.999833157970194e+01, 1.732890209942569e+03, 1.000007298275603e+00
668, 9.786351601434249e-01, 2.817531594723294e-01, 6.215261599066172e-02, 0.000000000000000e+00, 0.000000000000000e+00, 1.371297659850386e+04, 0.000000000000000e+00, 5.485190639401543e+03, 3.074416192175954e+02, 0.000000000000000e+00, 8.658878360105245e-04, 0.000000000000000e+00, 0.000000000000000e+00, 1.880917537051056e-05, 4.721467986258722e-03, 5.891128344426752e-03, -4.529258007925672e+01, 8.242134663600955e-01, 0.000000000000000e+00, 1.046758533257430e-06, -0.000000000000000e+00, -0.000000000000000e+00, 3.559880918215563e-02, -0.000000000000000e+00, -3.852323077398557e+05, -1.195319869995117e+03, 3.464321103527164e-08, 2.531607465480147e+00, 3.464321103527164e-08, 2.531607465480147e+00, 8.999625085326417e+01, 1.732946627752354e+03, 1.000074356421644e+00
669, 9.973086209762123e-01, 3.022049103119233e-01, 5.564624255391318e-02, 0.000000000000000e+00, 0.000000000000000e+00, 1.224426388456281e+04, 0.000000000000000e+00, 4.897705553825122e+03, 3.066106056389618e+02, 0.000000000000000e+00, -6.112489042983648e-01, 0.000000000000000e+00, 0.000000000000000e+00, 1.877029605006936e-05, 2.967022167723003e-03, 5.100161777637622e-04, -1.252482262917874e+01, 5.569054795334590e-01, 0.000000000000000e+00, 4.775812413881295e-07, -0.000000000000000e+00, -0.000000000000000e+00, 3.320161965471136e-02, -0.000000000000000e+00, -1.539363563921842e+05, -2.911903018791199e+06, 3.910533924109409e-08, 2.531607465480147e+00, 3.910533924109409e-08, 2.531607465480147e+00, 8.983678782191366e+01, 6.017911536364584e+02, 1.003676071129114e+00
