PS,,SS,
x [m],y [m],x [m],y [m]
0.00000000,0.00000000,0.00000000,0.00000000
0.00003843,-0.00004301,-0.00004023,0.00005241
0.00007972,-0.00008329,-0.00007583,0.00010807
0.00012341,-0.00012096,-0.00010639,0.00016665
0.00016941,-0.00015577,-0.00013199,0.00022756
0.00021761,-0.00018746,-0.00015278,0.00029028
0.00026776,-0.00021597,-0.00016912,0.00035431
0.00031956,-0.00024136,-0.00018143,0.00041924
0.00037277,-0.00026363,-0.00019003,0.00048476
0.00042718,-0.00028280,-0.00019511,0.00055065
0.00048256,-0.00029895,-0.00019686,0.00061671
0.00053869,-0.00031226,-0.00019558,0.00068278
0.00059537,-0.00032298,-0.00019160,0.00074875
0.00065246,-0.00033132,-0.00018520,0.00081453
0.00070982,-0.00033744,-0.00017659,0.00088005
0.00076737,-0.00034150,-0.00016598,0.00094529
0.00082502,-0.00034366,-0.00015352,0.00101019
0.00088271,-0.00034406,-0.00013937,0.00107475
0.00094039,-0.00034282,-0.00012364,0.00113894
0.00099802,-0.00034008,-0.00010646,0.00120276
0.00105557,-0.00033595,-0.00008791,0.00126619
0.00111301,-0.00033055,-0.00006809,0.00132924
0.00117032,-0.00032397,-0.00004707,0.00139190
0.00122751,-0.00031632,-0.00002495,0.00145418
0.00128455,-0.00030766,-0.00000176,0.00151607
0.00134144,-0.00029808,0.00002241,0.00157758
0.00139818,-0.00028764,0.00004752,0.00163872
0.00145477,-0.00027640,0.00007351,0.00169948
0.00151121,-0.00026443,0.00010035,0.00175988
0.00156750,-0.00025179,0.00012799,0.00181991
0.00162364,-0.00023850,0.00015639,0.00187959
0.00167965,-0.00022464,0.00018552,0.00193891
0.00173551,-0.00021022,0.00021534,0.00199790
0.00179124,-0.00019530,0.00024582,0.00205654
0.00184684,-0.00017990,0.00027695,0.00211484
0.00190232,-0.00016406,0.00030868,0.00217281
0.00195768,-0.00014781,0.00034100,0.00223046
0.00201292,-0.00013116,0.00037388,0.00228779
0.00206805,-0.00011416,0.00040731,0.00234481
0.00212307,-0.00009681,0.00044126,0.00240151
0.00217800,-0.00007915,0.00047572,0.00245791
0.00223282,-0.00006118,0.00051067,0.00251401
0.00228756,-0.00004294,0.00054609,0.00256981
0.00234220,-0.00002443,0.00058196,0.00262531
0.00239676,-0.00000568,0.00061828,0.00268053
0.00245125,0.00001331,0.00065503,0.00273546
0.00250565,0.00003251,0.00069220,0.00279012
0.00255998,0.00005192,0.00072977,0.00284449
0.00261425,0.00007152,0.00076773,0.00289859
0.00266844,0.00009129,0.00080608,0.00295242
0.00272258,0.00011124,0.00084479,0.00300598
0.00277666,0.00013134,0.00088388,0.00305928
0.00283068,0.00015160,0.00092331,0.00311232
0.00288465,0.00017198,0.00096309,0.00316510
0.00293858,0.00019250,0.00100321,0.00321762
0.00299245,0.00021314,0.00104366,0.00326989
0.00304629,0.00023389,0.00108443,0.00332191
0.00310008,0.00025475,0.00112551,0.00337368
0.00315383,0.00027570,0.00116690,0.00342520
0.00320755,0.00029675,0.00120859,0.00347648
0.00326124,0.00031787,0.00125058,0.00352752
0.00331490,0.00033908,0.00129286,0.00357832
0.00336852,0.00036035,0.00133542,0.00362888
0.00342213,0.00038169,0.00137827,0.00367921
0.00347571,0.00040309,0.00142138,0.00372930
0.00352927,0.00042454,0.00146477,0.00377916
0.00358280,0.00044604,0.00150842,0.00382879
0.00363633,0.00046758,0.00155233,0.00387818
0.00368984,0.00048915,0.00159649,0.00392735
0.00374333,0.00051076,0.00164090,0.00397630
0.00379682,0.00053239,0.00168556,0.00402502
0.00385030,0.00055404,0.00173046,0.00407351
0.00390377,0.00057571,0.00177560,0.00412179
0.00395723,0.00059739,0.00182098,0.00416984
0.00401069,0.00061909,0.00186659,0.00421767
0.00406415,0.00064079,0.00191242,0.00426529
0.00411760,0.00066250,0.00195848,0.00431269
0.00417105,0.00068422,0.00200476,0.00435987
0.00422450,0.00070594,0.00205126,0.00440684
0.00427795,0.00072766,0.00209798,0.00445359
0.00433140,0.00074938,0.00214490,0.00450013
0.00438485,0.00077110,0.00219204,0.00454646
0.00443830,0.00079281,0.00223938,0.00459258
0.00449176,0.00081452,0.00228693,0.00463848
0.00454522,0.00083622,0.00233468,0.00468418
0.00459868,0.00085791,0.00238262,0.00472967
0.00465214,0.00087960,0.00243077,0.00477495
0.00470561,0.00090127,0.00247910,0.00482002
0.00475908,0.00092293,0.00252763,0.00486489
0.00481256,0.00094457,0.00257635,0.00490955
0.00486605,0.00096620,0.00262526,0.00495401
0.00491955,0.00098781,0.00267435,0.00499826
0.00497305,0.00100939,0.00272362,0.00504231
0.00502657,0.00103095,0.00277308,0.00508615
0.00508009,0.00105248,0.00282271,0.00512979
0.00513364,0.00107397,0.00287252,0.00517323
0.00518719,0.00109543,0.00292251,0.00521647
0.00524076,0.00111685,0.00297267,0.00525950
0.00529435,0.00113822,0.00302300,0.00530233
0.00534796,0.00115955,0.00307350,0.00534497
0.00540159,0.00118082,0.00312417,0.00538740
0.00545524,0.00120204,0.00317501,0.00542963
0.00550891,0.00122321,0.00322602,0.00547167
0.00556260,0.00124432,0.00327718,0.00551350
0.00561632,0.00126537,0.00332851,0.00555514
0.00567006,0.00128635,0.00338000,0.00559657
0.00572383,0.00130727,0.00343165,0.00563781
0.00577763,0.00132812,0.00348346,0.00567885
0.00583145,0.00134890,0.00353542,0.00571969
0.00588530,0.00136961,0.00358754,0.00576033
0.00593917,0.00139025,0.00363981,0.00580078
0.00599308,0.00141081,0.00369223,0.00584102
0.00604702,0.00143130,0.00374481,0.00588107
0.00610098,0.00145170,0.00379753,0.00592093
0.00615497,0.00147203,0.00385040,0.00596058
0.00620900,0.00149228,0.00390342,0.00600004
0.00626305,0.00151244,0.00395659,0.00603930
0.00631714,0.00153253,0.00400990,0.00607836
0.00637126,0.00155252,0.00406336,0.00611723
0.00642541,0.00157244,0.00411696,0.00615590
0.00647959,0.00159226,0.00417070,0.00619437
0.00653380,0.00161200,0.00422458,0.00623264
0.00658805,0.00163164,0.00427860,0.00627072
0.00664233,0.00165120,0.00433276,0.00630860
0.00669664,0.00167067,0.00438705,0.00634628
0.00675098,0.00169004,0.00444149,0.00638377
0.00680536,0.00170933,0.00449606,0.00642105
0.00685977,0.00172851,0.00455076,0.00645814
0.00691421,0.00174761,0.00460560,0.00649504
0.00696869,0.00176660,0.00466057,0.00653173
0.00702320,0.00178551,0.00471567,0.00656822
0.00707774,0.00180431,0.00477090,0.00660452
0.00713232,0.00182301,0.00482626,0.00664062
0.00718693,0.00184162,0.00488175,0.00667652
0.00724158,0.00186012,0.00493737,0.00671222
0.00729626,0.00187853,0.00499312,0.00674772
0.00735097,0.00189683,0.00504899,0.00678302
0.00740572,0.00191503,0.00510499,0.00681813
0.00746051,0.00193312,0.00516112,0.00685303
0.00751533,0.00195111,0.00521736,0.00688773
0.00757018,0.00196899,0.00527373,0.00692224
0.00762507,0.00198676,0.00533023,0.00695654
0.00767999,0.00200442,0.00538684,0.00699064
0.00773495,0.00202197,0.00544358,0.00702454
0.00778995,0.00203941,0.00550043,0.00705824
0.00784498,0.00205674,0.00555741,0.00709174
0.00790005,0.00207395,0.00561450,0.00712503
0.00795515,0.00209105,0.00567171,0.00715812
0.00801029,0.00210803,0.00572904,0.00719101
0.00806546,0.00212489,0.00578648,0.00722370
0.00812067,0.00214164,0.00584404,0.00725618
0.00817592,0.00215826,0.00590171,0.00728845
0.00823120,0.00217477,0.00595950,0.00732053
0.00828652,0.00219115,0.00601740,0.00735239
0.00834188,0.00220741,0.00607542,0.00738406
0.00839727,0.00222355,0.00613354,0.00741551
0.00845270,0.00223956,0.00619178,0.00744676
0.00850816,0.00225544,0.00625013,0.00747780
0.00856366,0.00227120,0.00630859,0.00750864
0.00861920,0.00228683,0.00636715,0.00753927
0.00867477,0.00230234,0.00642583,0.00756968
0.00873038,0.00231771,0.00648461,0.00759989
0.00878602,0.00233295,0.00654350,0.00762989
0.00884170,0.00234806,0.00660250,0.00765969
0.00889742,0.00236304,0.00666160,0.00768927
0.00895317,0.00237789,0.00672081,0.00771863
0.00900896,0.00239260,0.00678012,0.00774779
0.00906478,0.00240718,0.00683954,0.00777674
0.00912064,0.00242162,0.00689906,0.00780547
0.00917653,0.00243593,0.00695868,0.00783399
0.00923246,0.00245009,0.00701840,0.00786230
0.00928842,0.00246412,0.00707822,0.00789039
0.00934442,0.00247801,0.00713815,0.00791826
0.00940045,0.00249177,0.00719817,0.00794592
0.00945652,0.00250538,0.00725830,0.00797337
0.00951262,0.00251884,0.00731852,0.00800060
0.00956875,0.00253217,0.00737884,0.00802761
0.00962492,0.00254535,0.00743926,0.00805440
0.00968112,0.00255839,0.00749977,0.00808097
0.00973735,0.00257129,0.00756038,0.00810732
0.00979362,0.00258403,0.00762109,0.00813346
0.00984992,0.00259664,0.00768189,0.00815937
0.00990626,0.00260909,0.00774278,0.00818506
0.00996262,0.00262140,0.00780377,0.00821053
0.01001902,0.00263356,0.00786485,0.00823578
0.01007545,0.00264557,0.00792602,0.00826080
0.01013192,0.00265743,0.00798728,0.00828560
0.01018841,0.00266914,0.00804864,0.00831017
0.01024493,0.00268069,0.00811008,0.00833452
0.01030149,0.00269210,0.00817161,0.00835864
0.01035808,0.00270335,0.00823323,0.00838254
0.01041469,0.00271445,0.00829494,0.00840621
0.01047134,0.00272539,0.00835674,0.00842965
0.01052802,0.00273618,0.00841862,0.00845286
0.01058472,0.00274682,0.00848058,0.00847584
0.01064146,0.00275729,0.00854264,0.00849859
0.01069822,0.00276761,0.00860477,0.00852111
0.01075501,0.00277777,0.00866699,0.00854340
0.01081183,0.00278778,0.00872930,0.00856545
0.01086868,0.00279762,0.00879168,0.00858727
0.01092556,0.00280731,0.00885415,0.00860886
0.01098246,0.00281683,0.00891670,0.00863021
0.01103939,0.00282619,0.00897932,0.00865133
0.01109635,0.00283539,0.00904203,0.00867221
0.01115333,0.00284443,0.00910482,0.00869285
0.01121033,0.00285331,0.00916768,0.00871326
0.01126737,0.00286202,0.00923062,0.00873342
0.01132442,0.00287057,0.00929363,0.00875335
0.01138151,0.00287895,0.00935672,0.00877304
0.01143861,0.00288717,0.00941989,0.00879248
0.01149574,0.00289522,0.00948313,0.00881169
0.01155290,0.00290311,0.00954644,0.00883065
0.01161007,0.00291083,0.00960983,0.00884937
0.01166727,0.00291838,0.00967328,0.00886785
0.01172449,0.00292576,0.00973681,0.00888608
0.01178173,0.00293297,0.00980041,0.00890406
0.01183899,0.00294002,0.00986408,0.00892180
0.01189628,0.00294689,0.00992781,0.00893930
0.01195358,0.00295360,0.00999161,0.00895654
0.01201090,0.00296013,0.01005548,0.00897354
0.01206825,0.00296649,0.01011942,0.00899028
0.01212561,0.00297269,0.01018342,0.00900678
0.01218299,0.00297871,0.01024748,0.00902303
0.01224038,0.00298455,0.01031161,0.00903902
0.01229780,0.00299023,0.01037579,0.00905477
0.01235523,0.00299573,0.01044005,0.00907026
0.01241268,0.00300105,0.01050436,0.00908549
0.01247014,0.00300621,0.01056873,0.00910047
0.01252762,0.00301118,0.01063316,0.00911520
0.01258511,0.00301599,0.01069765,0.00912967
0.01264262,0.00302061,0.01076219,0.00914389
0.01270014,0.00302507,0.01082679,0.00915784
0.01275768,0.00302934,0.01089145,0.00917154
0.01281523,0.00303344,0.01095616,0.00918498
0.01287279,0.00303736,0.01102092,0.00919816
0.01293036,0.00304111,0.01108574,0.00921108
0.01298795,0.00304467,0.01115061,0.00922374
0.01304554,0.00304806,0.01121553,0.00923614
0.01310315,0.00305127,0.01128049,0.00924827
0.01316076,0.00305430,0.01134551,0.00926014
0.01321838,0.00305716,0.01141057,0.00927175
0.01327602,0.00305983,0.01147568,0.00928310
0.01333366,0.00306233,0.01154084,0.00929418
0.01339130,0.00306464,0.01160604,0.00930499
0.01344896,0.00306678,0.01167129,0.00931554
0.01350662,0.00306873,0.01173657,0.00932582
0.01356429,0.00307051,0.01180190,0.00933583
0.01362196,0.00307210,0.01186727,0.00934558
0.01367964,0.00307351,0.01193268,0.00935505
0.01373732,0.00307474,0.01199813,0.00936426
0.01379500,0.00307580,0.01206361,0.00937320
0.01385269,0.00307666,0.01212913,0.00938187
0.01391038,0.00307735,0.01219469,0.00939026
0.01396807,0.00307786,0.01226028,0.00939839
0.01402577,0.00307818,0.01232590,0.00940624
0.01408346,0.00307832,0.01239156,0.00941382
0.01414115,0.00307828,0.01245724,0.00942113
0.01419885,0.00307806,0.01252296,0.00942817
0.01425654,0.00307765,0.01258870,0.00943493
0.01431423,0.00307706,0.01265448,0.00944141
0.01437192,0.00307629,0.01272028,0.00944762
0.01442961,0.00307534,0.01278610,0.00945356
0.01448729,0.00307420,0.01285195,0.00945922
0.01454497,0.00307288,0.01291782,0.00946460
0.01460264,0.00307138,0.01298371,0.00946971
0.01466031,0.00306969,0.01304963,0.00947453
0.01471798,0.00306782,0.01311556,0.00947909
0.01477564,0.00306577,0.01318152,0.00948336
0.01483329,0.00306353,0.01324749,0.00948736
0.01489093,0.00306112,0.01331347,0.00949107
0.01494857,0.00305852,0.01337948,0.00949451
0.01500619,0.00305573,0.01344549,0.00949767
0.01506381,0.00305276,0.01351152,0.00950055
0.01512142,0.00304961,0.01357756,0.00950315
0.01517902,0.00304628,0.01364361,0.00950547
0.01523660,0.00304277,0.01370967,0.00950751
0.01529418,0.00303907,0.01377574,0.00950926
0.01535174,0.00303519,0.01384182,0.00951074
0.01540929,0.00303113,0.01390790,0.00951194
0.01546683,0.00302688,0.01397398,0.00951285
0.01552436,0.00302246,0.01404007,0.00951349
0.01558187,0.00301785,0.01410616,0.00951384
0.01563936,0.00301306,0.01417225,0.00951391
0.01569684,0.00300809,0.01423834,0.00951370
0.01575430,0.00300293,0.01430443,0.00951320
0.01581175,0.00299760,0.01437052,0.00951243
0.01586918,0.00299208,0.01443660,0.00951137
0.01592659,0.00298638,0.01450268,0.00951003
0.01598399,0.00298050,0.01456875,0.00950841
0.01604136,0.00297444,0.01463482,0.00950650
0.01609872,0.00296820,0.01470087,0.00950432
0.01615605,0.00296178,0.01476692,0.00950185
0.01621337,0.00295518,0.01483295,0.00949910
0.01627066,0.00294840,0.01489897,0.00949607
0.01632794,0.00294143,0.01496498,0.00949275
0.01638519,0.00293429,0.01503098,0.00948915
0.01644241,0.00292697,0.01509695,0.00948527
0.01649962,0.00291946,0.01516291,0.00948111
0.01655680,0.00291178,0.01522886,0.00947667
0.01661396,0.00290392,0.01529478,0.00947195
0.01667109,0.00289588,0.01536068,0.00946694
0.01672819,0.00288766,0.01542656,0.00946166
0.01678527,0.00287927,0.01549242,0.00945609
0.01684233,0.00287070,0.01555825,0.00945025
0.01689935,0.00286194,0.01562406,0.00944412
0.01695635,0.00285302,0.01568984,0.00943771
0.01701332,0.00284391,0.01575559,0.00943102
0.01707027,0.00283463,0.01582131,0.00942406
0.01712718,0.00282517,0.01588701,0.00941681
0.01718406,0.00281554,0.01595267,0.00940929
0.01724092,0.00280573,0.01601830,0.00940149
0.01729774,0.00279574,0.01608389,0.00939341
0.01735454,0.00278558,0.01614945,0.00938505
0.01741130,0.00277525,0.01621498,0.00937642
0.01746803,0.00276474,0.01628047,0.00936751
0.01752472,0.00275406,0.01634592,0.00935832
0.01758139,0.00274320,0.01641133,0.00934886
0.01763802,0.00273217,0.01647670,0.00933912
0.01769461,0.00272097,0.01654203,0.00932911
0.01775118,0.00270960,0.01660731,0.00931883
0.01780770,0.00269806,0.01667256,0.00930827
0.01786420,0.00268634,0.01673775,0.00929743
0.01792065,0.00267446,0.01680290,0.00928633
0.01797707,0.00266240,0.01686801,0.00927495
0.01803346,0.00265017,0.01693307,0.00926329
0.01808980,0.00263778,0.01699807,0.00925137
0.01814611,0.00262521,0.01706303,0.00923918
0.01820239,0.00261248,0.01712794,0.00922671
0.01825862,0.00259958,0.01719279,0.00921398
0.01831481,0.00258651,0.01725759,0.00920097
0.01837097,0.00257328,0.01732233,0.00918770
0.01842709,0.00255988,0.01738702,0.00917416
0.01848316,0.00254631,0.01745166,0.00916036
0.01853920,0.00253258,0.01751623,0.00914629
0.01859519,0.00251868,0.01758075,0.00913195
0.01865115,0.00250461,0.01764521,0.00911735
0.01870706,0.00249039,0.01770961,0.00910248
0.01876293,0.00247600,0.01777394,0.00908736
0.01881876,0.00246144,0.01783822,0.00907197
0.01887454,0.00244673,0.01790243,0.00905632
0.01893029,0.00243185,0.01796658,0.00904041
0.01898599,0.00241681,0.01803066,0.00902424
0.01904164,0.00240161,0.01809468,0.00900781
0.01909725,0.00238625,0.01815863,0.00899112
0.01915282,0.00237072,0.01822251,0.00897418
0.01920834,0.00235504,0.01828633,0.00895699
0.01926382,0.00233920,0.01835008,0.00893954
0.01931925,0.00232321,0.01841375,0.00892184
0.01937464,0.00230705,0.01847736,0.00890388
0.01942998,0.00229074,0.01854089,0.00888568
0.01948527,0.00227427,0.01860436,0.00886722
0.01954052,0.00225764,0.01866775,0.00884852
0.01959572,0.00224086,0.01873106,0.00882957
0.01965087,0.00222392,0.01879430,0.00881037
0.01970598,0.00220683,0.01885747,0.00879093
0.01976103,0.00218959,0.01892056,0.00877124
0.01981604,0.00217219,0.01898358,0.00875131
0.01987100,0.00215464,0.01904651,0.00873114
0.01992591,0.00213694,0.01910937,0.00871072
0.01998078,0.00211908,0.01917216,0.00869007
0.02003559,0.00210108,0.01923486,0.00866918
0.02009035,0.00208292,0.01929748,0.00864805
0.02014506,0.00206462,0.01936002,0.00862668
0.02019973,0.00204616,0.01942249,0.00860508
0.02025434,0.00202756,0.01948487,0.00858325
0.02030890,0.00200881,0.01954717,0.00856118
0.02036341,0.00198991,0.01960938,0.00853888
0.02041787,0.00197086,0.01967152,0.00851636
0.02047228,0.00195167,0.01973357,0.00849360
0.02052664,0.00193234,0.01979553,0.00847061
0.02058095,0.00191285,0.01985741,0.00844740
0.02063520,0.00189323,0.01991921,0.00842396
0.02068940,0.00187346,0.01998092,0.00840030
0.02074355,0.00185354,0.02004254,0.00837641
0.02079765,0.00183349,0.02010408,0.00835231
0.02085169,0.00181329,0.02016553,0.00832798
0.02090568,0.00179295,0.02022690,0.00830343
0.02095962,0.00177247,0.02028817,0.00827867
0.02101350,0.00175186,0.02034936,0.00825368
0.02106733,0.00173110,0.02041046,0.00822849
0.02112111,0.00171020,0.02047147,0.00820307
0.02117483,0.00168917,0.02053239,0.00817745
0.02122850,0.00166799,0.02059322,0.00815161
0.02128212,0.00164669,0.02065397,0.00812556
0.02133568,0.00162524,0.02071462,0.00809930
0.02138918,0.00160366,0.02077518,0.00807283
0.02144264,0.00158195,0.02083565,0.00804616
0.02149603,0.00156010,0.02089602,0.00801927
0.02154938,0.00153812,0.02095631,0.00799219
0.02160266,0.00151600,0.02101650,0.00796490
0.02165589,0.00149375,0.02107661,0.00793741
0.02170907,0.00147138,0.02113662,0.00790971
0.02176219,0.00144887,0.02119653,0.00788182
0.02181526,0.00142622,0.02125636,0.00785373
0.02186827,0.00140345,0.02131609,0.00782543
0.02192123,0.00138055,0.02137572,0.00779695
0.02197412,0.00135753,0.02143527,0.00776827
0.02202697,0.00133437,0.02149472,0.00773939
0.02207976,0.00131109,0.02155407,0.00771033
0.02213249,0.00128768,0.02161334,0.00768107
0.02218516,0.00126414,0.02167251,0.00765162
0.02223778,0.00124048,0.02173158,0.00762198
0.02229034,0.00121669,0.02179056,0.00759216
0.02234285,0.00119278,0.02184944,0.00756215
0.02239530,0.00116874,0.02190824,0.00753195
0.02244769,0.00114458,0.02196693,0.00750157
0.02250003,0.00112030,0.02202553,0.00747101
0.02255231,0.00109590,0.02208404,0.00744027
0.02260453,0.00107138,0.02214245,0.00740935
0.02265670,0.00104673,0.02220077,0.00737825
0.02270880,0.00102197,0.02225899,0.00734697
0.02276086,0.00099708,0.02231711,0.00731551
0.02281285,0.00097208,0.02237515,0.00728388
0.02286479,0.00094696,0.02243308,0.00725208
0.02291667,0.00092172,0.02249092,0.00722010
0.02296849,0.00089637,0.02254867,0.00718795
0.02302026,0.00087090,0.02260632,0.00715563
0.02307197,0.00084531,0.02266387,0.00712314
0.02312362,0.00081961,0.02272133,0.00709048
0.02317522,0.00079379,0.02277869,0.00705766
0.02322676,0.00076786,0.02283596,0.00702466
0.02327824,0.00074181,0.02289314,0.00699151
0.02332966,0.00071566,0.02295021,0.00695819
0.02338103,0.00068939,0.02300720,0.00692471
0.02343234,0.00066301,0.02306408,0.00689106
0.02348359,0.00063652,0.02312087,0.00685726
0.02353479,0.00060991,0.02317757,0.00682329
0.02358593,0.00058320,0.02323417,0.00678917
0.02363701,0.00055638,0.02329068,0.00675489
0.02368803,0.00052945,0.02334709,0.00672045
0.02373900,0.00050242,0.02340341,0.00668586
0.02378991,0.00047528,0.02345963,0.00665112
0.02384077,0.00044803,0.02351576,0.00661622
0.02389156,0.00042067,0.02357179,0.00658117
0.02394230,0.00039321,0.02362773,0.00654597
0.02399298,0.00036564,0.02368357,0.00651062
0.02404361,0.00033797,0.02373932,0.00647512
0.02409418,0.00031020,0.02379497,0.00643947
0.02414469,0.00028232,0.02385053,0.00640368
0.02419515,0.00025434,0.02390600,0.00636774
0.02424555,0.00022626,0.02396137,0.00633166
0.02429589,0.00019808,0.02401665,0.00629543
0.02434618,0.00016980,0.02407184,0.00625906
0.02439641,0.00014142,0.02412693,0.00622255
0.02444658,0.00011294,0.02418193,0.00618590
0.02449670,0.00008436,0.02423683,0.00614911
0.02454676,0.00005568,0.02429164,0.00611219
0.02459677,0.00002690,0.02434636,0.00607512
0.02464672,-0.00000197,0.02440099,0.00603792
0.02469661,-0.00003094,0.02445553,0.00600058
0.02474645,-0.00006000,0.02450997,0.00596311
0.02479624,-0.00008916,0.02456432,0.00592551
0.02484596,-0.00011842,0.02461858,0.00588777
0.02489563,-0.00014776,0.02467274,0.00584990
0.02494525,-0.00017720,0.02472682,0.00581190
0.02499481,-0.00020674,0.02478080,0.00577377
0.02504432,-0.00023637,0.02483470,0.00573552
0.02509377,-0.00026608,0.02488850,0.00569713
0.02514317,-0.00029589,0.02494221,0.00565862
0.02519251,-0.00032579,0.02499584,0.00561998
0.02524180,-0.00035578,0.02504937,0.00558122
0.02529103,-0.00038586,0.02510281,0.00554234
0.02534021,-0.00041603,0.02515616,0.00550333
0.02538933,-0.00044628,0.02520943,0.00546420
0.02543840,-0.00047663,0.02526260,0.00542495
0.02548742,-0.00050706,0.02531569,0.00538558
0.02553638,-0.00053758,0.02536868,0.00534609
0.02558529,-0.00056818,0.02542159,0.00530648
0.02563415,-0.00059887,0.02547441,0.00526676
0.02568295,-0.00062964,0.02552715,0.00522692
0.02573170,-0.00066050,0.02557979,0.00518696
0.02578039,-0.00069144,0.02563235,0.00514689
0.02582904,-0.00072247,0.02568482,0.00510671
0.02587763,-0.00075357,0.02573721,0.00506641
0.02592616,-0.00078476,0.02578951,0.00502600
0.02597465,-0.00081603,0.02584172,0.00498548
0.02602308,-0.00084739,0.02589385,0.00494485
0.02607146,-0.00087882,0.02594589,0.00490411
0.02611978,-0.00091033,0.02599785,0.00486327
0.02616806,-0.00094193,0.02604972,0.00482231
0.02621628,-0.00097360,0.02610151,0.00478125
0.02626446,-0.00100535,0.02615322,0.00474008
0.02631258,-0.00103718,0.02620484,0.00469881
0.02636064,-0.00106909,0.02625637,0.00465744
0.02640866,-0.00110107,0.02630783,0.00461596
0.02645663,-0.00113313,0.02635920,0.00457438
0.02650454,-0.00116527,0.02641049,0.00453269
0.02655241,-0.00119748,0.02646170,0.00449091
0.02660022,-0.00122977,0.02651283,0.00444903
0.02664798,-0.00126213,0.02656387,0.00440704
0.02669570,-0.00129457,0.02661483,0.00436496
0.02674336,-0.00132708,0.02666572,0.00432279
0.02679097,-0.00135966,0.02671652,0.00428051
0.02683853,-0.00139232,0.02676724,0.00423814
0.02688605,-0.00142505,0.02681789,0.00419568
0.02693351,-0.00145785,0.02686845,0.00415312
0.02698092,-0.00149072,0.02691894,0.00411046
0.02702829,-0.00152366,0.02696935,0.00406772
0.02707560,-0.00155668,0.02701968,0.00402488
0.02712287,-0.00158976,0.02706993,0.00398195
0.02717008,-0.00162292,0.02712010,0.00393893
0.02721725,-0.00165614,0.02717020,0.00389583
0.02726437,-0.00168944,0.02722022,0.00385263
0.02731144,-0.00172280,0.02727017,0.00380934
0.02735846,-0.00175623,0.02732003,0.00376597
0.02740543,-0.00178973,0.02736983,0.00372251
0.02745236,-0.00182329,0.02741955,0.00367897
0.02749924,-0.00185693,0.02746919,0.00363534
0.02754606,-0.00189063,0.02751876,0.00359162
0.02759284,-0.00192439,0.02756826,0.00354783
0.02763958,-0.00195823,0.02761768,0.00350394
0.02768626,-0.00199213,0.02766703,0.00345998
0.02773290,-0.00202609,0.02771630,0.00341594
0.02777949,-0.00206012,0.02776551,0.00337181
0.02782603,-0.00209421,0.02781464,0.00332761
0.02787253,-0.00212837,0.02786370,0.00328332
0.02791898,-0.00216259,0.02791269,0.00323896
0.02796538,-0.00219688,0.02796161,0.00319452
0.02801173,-0.00223123,0.02801046,0.00315000
0.02805804,-0.00226564,0.02805924,0.00310540
0.02810430,-0.00230012,0.02810795,0.00306073
0.02815051,-0.00233466,0.02815659,0.00301598
0.02819668,-0.00236926,0.02820516,0.00297116
0.02824280,-0.00240392,0.02825366,0.00292627
0.02828888,-0.00243865,0.02830209,0.00288130
0.02833490,-0.00247343,0.02835046,0.00283626
0.02838089,-0.00250828,0.02839876,0.00279114
0.02842682,-0.00254319,0.02844699,0.00274596
0.02847271,-0.00257815,0.02849516,0.00270070
0.02851856,-0.00261318,0.02854326,0.00265537
0.02856436,-0.00264827,0.02859129,0.00260997
0.02861011,-0.00268342,0.02863926,0.00256451
0.02865582,-0.00271862,0.02868716,0.00251897
0.02870148,-0.00275389,0.02873500,0.00247337
0.02874710,-0.00278921,0.02878277,0.00242770
0.02879267,-0.00282459,0.02883048,0.00238196
0.02883820,-0.00286003,0.02887813,0.00233616
0.02888368,-0.00289552,0.02892571,0.00229029
0.02892912,-0.00293108,0.02897323,0.00224436
0.02897451,-0.00296669,0.02902069,0.00219836
0.02901986,-0.00300235,0.02906809,0.00215230
0.02906516,-0.00303808,0.02911542,0.00210617
0.02911042,-0.00307386,0.02916269,0.00205998
0.02915564,-0.00310969,0.02920991,0.00201373
0.02920081,-0.00314558,0.02925706,0.00196742
0.02924594,-0.00318153,0.02930415,0.00192105
0.02929102,-0.00321753,0.02935118,0.00187462
0.02933606,-0.00325358,0.02939816,0.00182813
0.02938106,-0.00328969,0.02944507,0.00178157
0.02942602,-0.00332585,0.02949193,0.00173496
0.02947093,-0.00336207,0.02953873,0.00168830
0.02951580,-0.00339834,0.02958547,0.00164157
0.02956062,-0.00343466,0.02963216,0.00159479
0.02960541,-0.00347103,0.02967878,0.00154795
0.02965015,-0.00350746,0.02972536,0.00150105
0.02969484,-0.00354394,0.02977187,0.00145410
0.02973950,-0.00358047,0.02981833,0.00140710
0.02978411,-0.00361705,0.02986474,0.00136004
0.02982869,-0.00365368,0.02991109,0.00131292
0.02987322,-0.00369037,0.02995738,0.00126575
0.02991771,-0.00372710,0.03000363,0.00121853
0.02996215,-0.00376389,0.03004981,0.00117126
0.03000656,-0.00380072,0.03009595,0.00112394
0.03005092,-0.00383760,0.03014203,0.00107656
0.03009525,-0.00387454,0.03018806,0.00102913
0.03013953,-0.00391152,0.03023404,0.00098166
0.03018377,-0.00394855,0.03027997,0.00093413
0.03022797,-0.00398563,0.03032584,0.00088655
0.03027213,-0.00402276,0.03037167,0.00083893
0.03031626,-0.00405993,0.03041744,0.00079125
0.03036034,-0.00409715,0.03046316,0.00074353
0.03040438,-0.00413442,0.03050884,0.00069576
0.03044838,-0.00417174,0.03055446,0.00064794
0.03049234,-0.00420910,0.03060003,0.00060007
0.03053627,-0.00424651,0.03064556,0.00055216
0.03058015,-0.00428396,0.03069103,0.00050420
0.03062399,-0.00432146,0.03073646,0.00045620
0.03066780,-0.00435901,0.03078184,0.00040814
0.03071157,-0.00439660,0.03082717,0.00036005
0.03075530,-0.00443423,0.03087245,0.00031191
0.03079899,-0.00447191,0.03091769,0.00026372
0.03084264,-0.00450964,0.03096288,0.00021550
0.03088626,-0.00454740,0.03100802,0.00016722
0.03092983,-0.00458521,0.03105312,0.00011891
0.03097337,-0.00462307,0.03109817,0.00007055
0.03101688,-0.00466096,0.03114317,0.00002215
0.03106034,-0.00469890,0.03118813,-0.00002630
0.03110377,-0.00473688,0.03123304,-0.00007478
0.03114716,-0.00477491,0.03127791,-0.00012331
0.03119052,-0.00481297,0.03132273,-0.00017188
0.03123384,-0.00485108,0.03136751,-0.00022049
0.03127712,-0.00488922,0.03141225,-0.00026914
0.03132037,-0.00492741,0.03145694,-0.00031784
0.03136358,-0.00496564,0.03150158,-0.00036657
0.03140676,-0.00500391,0.03154619,-0.00041534
0.03144990,-0.00504222,0.03159075,-0.00046415
0.03149300,-0.00508057,0.03163526,-0.00051300
0.03153607,-0.00511895,0.03167973,-0.00056189
0.03157911,-0.00515738,0.03172416,-0.00061082
0.03162211,-0.00519584,0.03176855,-0.00065979
0.03166507,-0.00523435,0.03181290,-0.00070879
0.03170801,-0.00527289,0.03185720,-0.00075784
0.03175091,-0.00531147,0.03190146,-0.00080692
0.03179377,-0.00535008,0.03194568,-0.00085604
0.03183660,-0.00538874,0.03198986,-0.00090520
0.03187940,-0.00542743,0.03203400,-0.00095439
0.03192216,-0.00546616,0.03207809,-0.00100362
0.03196490,-0.00550492,0.03212215,-0.00105289
0.03200759,-0.00554372,0.03216616,-0.00110219
0.03205026,-0.00558256,0.03221014,-0.00115153
0.03209289,-0.00562143,0.03225407,-0.00120091
0.03213550,-0.00566033,0.03229796,-0.00125032
0.03217807,-0.00569928,0.03234182,-0.00129976
0.03222060,-0.00573825,0.03238563,-0.00134924
0.03226311,-0.00577726,0.03242941,-0.00139876
0.03230559,-0.00581631,0.03247314,-0.00144831
0.03234803,-0.00585539,0.03251684,-0.00149790
0.03239044,-0.00589450,0.03256050,-0.00154752
0.03243282,-0.00593364,0.03260411,-0.00159717
0.03247518,-0.00597282,0.03264769,-0.00164686
0.03251750,-0.00601203,0.03269124,-0.00169658
0.03255979,-0.00605128,0.03273474,-0.00174634
0.03260205,-0.00609055,0.03277820,-0.00179612
0.03264428,-0.00612986,0.03282163,-0.00184595
0.03268648,-0.00616920,0.03286502,-0.00189580
0.03272866,-0.00620857,0.03290838,-0.00194568
0.03277080,-0.00624798,0.03295169,-0.00199560
0.03281291,-0.00628741,0.03299497,-0.00204555
0.03285500,-0.00632687,0.03303821,-0.00209554
0.03289706,-0.00636637,0.03308142,-0.00214555
0.03293908,-0.00640589,0.03312459,-0.00219559
0.03298109,-0.00644545,0.03316772,-0.00224567
0.03302306,-0.00648503,0.03321082,-0.00229578
0.03306500,-0.00652465,0.03325388,-0.00234592
0.03310692,-0.00656429,0.03329690,-0.00239608
0.03314881,-0.00660397,0.03333990,-0.00244628
0.03319067,-0.00664367,0.03338285,-0.00249651
0.03323250,-0.00668340,0.03342577,-0.00254677
0.03327431,-0.00672316,0.03346866,-0.00259706
0.03331609,-0.00676294,0.03351151,-0.00264737
0.03335784,-0.00680276,0.03355433,-0.00269772
0.03339957,-0.00684261,0.03359712,-0.00274809
0.03344127,-0.00688248,0.03363987,-0.00279849
0.03348294,-0.00692238,0.03368259,-0.00284892
0.03352458,-0.00696231,0.03372527,-0.00289938
0.03356620,-0.00700227,0.03376793,-0.00294987
0.03360779,-0.00704225,0.03381055,-0.00300038
0.03364936,-0.00708226,0.03385314,-0.00305092
0.03369090,-0.00712230,0.03389570,-0.00310148
0.03373241,-0.00716237,0.03393822,-0.00315208
0.03377390,-0.00720246,0.03398072,-0.00320269
0.03381536,-0.00724258,0.03402318,-0.00325334
0.03385679,-0.00728273,0.03406562,-0.00330401
0.03389820,-0.00732291,0.03410802,-0.00335470
0.03393958,-0.00736311,0.03415040,-0.00340542
0.03398093,-0.00740334,0.03419275,-0.00345616
0.03402226,-0.00744359,0.03423507,-0.00350693
0.03406357,-0.00748388,0.03427736,-0.00355772
0.03410485,-0.00752418,0.03431962,-0.00360853
0.03414610,-0.00756452,0.03436185,-0.00365937
0.03418733,-0.00760488,0.03440406,-0.00371023
0.03422853,-0.00764526,0.03444624,-0.00376111
0.03426970,-0.00768568,0.03448839,-0.00381202
0.03431086,-0.00772611,0.03453051,-0.00386294
0.03435198,-0.00776658,0.03457261,-0.00391389
0.03439308,-0.00780707,0.03461469,-0.00396486
0.03443416,-0.00784758,0.03465674,-0.00401585
0.03447521,-0.00788812,0.03469876,-0.00406686
0.03451624,-0.00792868,0.03474076,-0.00411790
0.03455724,-0.00796927,0.03478273,-0.00416895
0.03459822,-0.00800989,0.03482468,-0.00422002
0.03463917,-0.00805053,0.03486660,-0.00427112
0.03468010,-0.00809119,0.03490850,-0.00432223
0.03472100,-0.00813188,0.03495038,-0.00437336
0.03476188,-0.00817259,0.03499223,-0.00442451
0.03480274,-0.00821333,0.03503406,-0.00447568
0.03484357,-0.00825409,0.03507586,-0.00452687
0.03488437,-0.00829487,0.03511765,-0.00457808
0.03492516,-0.00833568,0.03515941,-0.00462930
0.03496592,-0.00837651,0.03520115,-0.00468055
0.03500665,-0.00841737,0.03524287,-0.00473181
0.03504737,-0.00845825,0.03528456,-0.00478309
0.03508806,-0.00849915,0.03532623,-0.00483439
0.03512872,-0.00854007,0.03536789,-0.00488570
0.03516936,-0.00858102,0.03540952,-0.00493704
0.03520998,-0.00862200,0.03545113,-0.00498838
0.03525058,-0.00866299,0.03549272,-0.00503975
0.03529115,-0.00870401,0.03553428,-0.00509113
0.03533171,-0.00874505,0.03557583,-0.00514253
0.03537223,-0.00878611,0.03561736,-0.00519395
0.03541274,-0.00882719,0.03565887,-0.00524538
0.03545322,-0.00886830,0.03570036,-0.00529682
0.03549368,-0.00890943,0.03574183,-0.00534829
0.03553412,-0.00895058,0.03578328,-0.00539977
0.03557454,-0.00899175,0.03582471,-0.00545126
0.03561493,-0.00903294,0.03586612,-0.00550277
0.03565531,-0.00907416,0.03590751,-0.00555429
0.03569566,-0.00911539,0.03594888,-0.00560583
0.03573599,-0.00915665,0.03599024,-0.00565739
0.03577630,-0.00919793,0.03603158,-0.00570896
0.03581659,-0.00923923,0.03607290,-0.00576054
0.03585685,-0.00928054,0.03611420,-0.00581214
0.03589710,-0.00932188,0.03615548,-0.00586375
0.03593732,-0.00936324,0.03619674,-0.00591537
0.03597753,-0.00940462,0.03623799,-0.00596701
0.03601771,-0.00944602,0.03627922,-0.00601867
0.03605787,-0.00948744,0.03632044,-0.00607034
0.03609802,-0.00952888,0.03636163,-0.00612202
0.03613814,-0.00957034,0.03640281,-0.00617371
0.03617825,-0.00961181,0.03644397,-0.00622542
0.03621833,-0.00965331,0.03648512,-0.00627714
0.03625839,-0.00969482,0.03652625,-0.00632888
0.03629844,-0.00973635,0.03656736,-0.00638063
0.03633847,-0.00977790,0.03660846,-0.00643239
0.03637848,-0.00981947,0.03664954,-0.00648416
0.03641847,-0.00986106,0.03669060,-0.00653595
0.03645844,-0.00990266,0.03673165,-0.00658774
0.03649839,-0.00994429,0.03677269,-0.00663956
0.03653833,-0.00998592,0.03681370,-0.00669138
0.03657824,-0.01002758,0.03685470,-0.00674321
0.03661814,-0.01006925,0.03689569,-0.00679506
0.03665803,-0.01011094,0.03693666,-0.00684692
0.03669789,-0.01015265,0.03697762,-0.00689879
0.03673774,-0.01019437,0.03701856,-0.00695068
0.03677757,-0.01023611,0.03705949,-0.00700257
0.03681738,-0.01027787,0.03710040,-0.00705448
0.03685718,-0.01031964,0.03714129,-0.00710640
0.03689696,-0.01036143,0.03718218,-0.00715833
0.03693672,-0.01040323,0.03722304,-0.00721027
0.03697647,-0.01044505,0.03726390,-0.00726222
0.03701620,-0.01048688,0.03730474,-0.00731419
0.03705592,-0.01052873,0.03734556,-0.00736616
0.03709562,-0.01057059,0.03738637,-0.00741815
0.03713531,-0.01061247,0.03742717,-0.00747015
0.03717497,-0.01065436,0.03746795,-0.00752215
0.03721463,-0.01069627,0.03750872,-0.00757417
0.03725427,-0.01073819,0.03754948,-0.00762620
0.03729389,-0.01078013,0.03759022,-0.00767824
0.03733350,-0.01082208,0.03763095,-0.00773029
0.03737309,-0.01086404,0.03767167,-0.00778235
0.03741267,-0.01090602,0.03771237,-0.00783442
0.03745223,-0.01094801,0.03775306,-0.00788650
0.03749178,-0.01099001,0.03779374,-0.00793860
0.03753132,-0.01103203,0.03783440,-0.00799070
0.03757084,-0.01107407,0.03787505,-0.00804281
0.03761035,-0.01111611,0.03791569,-0.00809493
0.03764984,-0.01115817,0.03795631,-0.00814707
0.03768932,-0.01120024,0.03799692,-0.00819921
0.03772878,-0.01124233,0.03803752,-0.00825136
0.03776824,-0.01128442,0.03807811,-0.00830352
0.03780767,-0.01132654,0.03811868,-0.00835569
0.03784710,-0.01136866,0.03815924,-0.00840787
0.03788651,-0.01141079,0.03819979,-0.00846006
0.03792591,-0.01145294,0.03824033,-0.00851226
0.03796529,-0.01149510,0.03828085,-0.00856447
0.03800466,-0.01153728,0.03832137,-0.00861669
0.03804402,-0.01157946,0.03836187,-0.00866892
0.03808336,-0.01162166,0.03840236,-0.00872116
0.03812270,-0.01166387,0.03844284,-0.00877340
0.03816202,-0.01170609,0.03848331,-0.00882565
0.03820132,-0.01174832,0.03852376,-0.00887792
0.03824062,-0.01179057,0.03856421,-0.00893019
0.03827990,-0.01183282,0.03860464,-0.00898247
0.03831917,-0.01187509,0.03864507,-0.00903475
0.03835842,-0.01191737,0.03868548,-0.00908705
0.03839767,-0.01195966,0.03872588,-0.00913935
0.03843690,-0.01200196,0.03876628,-0.00919166
0.03847612,-0.01204428,0.03880666,-0.00924398
0.03851532,-0.01208660,0.03884703,-0.00929631
0.03855452,-0.01212894,0.03888740,-0.00934865
0.03859370,-0.01217129,0.03892775,-0.00940099
0.03863287,-0.01221365,0.03896809,-0.00945334
0.03867203,-0.01225602,0.03900843,-0.00950569
0.03871118,-0.01229840,0.03904876,-0.00955806
0.03875031,-0.01234079,0.03908907,-0.00961043
0.03878944,-0.01238319,0.03912938,-0.00966280
0.03882855,-0.01242561,0.03916968,-0.00971519
0.03886765,-0.01246803,0.03920997,-0.00976758
0.03890673,-0.01251047,0.03925025,-0.00981998
0.03894581,-0.01255292,0.03929053,-0.00987238
0.03898487,-0.01259537,0.03933079,-0.00992479
0.03902393,-0.01263784,0.03937105,-0.00997720
0.03906297,-0.01268032,0.03941130,-0.01002963
0.03910200,-0.01272281,0.03945154,-0.01008205
0.03914101,-0.01276531,0.03949177,-0.01013449
0.03918002,-0.01280782,0.03953200,-0.01018693
0.03921902,-0.01285034,0.03957222,-0.01023937
0.03925800,-0.01289287,0.03961243,-0.01029182
0.03929697,-0.01293541,0.03965264,-0.01034428
0.03933593,-0.01297797,0.03969284,-0.01039674
0.03937488,-0.01302053,0.03973303,-0.01044921
0.03941382,-0.01306310,0.03977321,-0.01050168
0.03945275,-0.01310568,0.03981339,-0.01055416
0.03949166,-0.01314828,0.03985356,-0.01060664
0.03953057,-0.01319088,0.03989373,-0.01065913
0.03956946,-0.01323350,0.03993389,-0.01071162
0.03960834,-0.01327612,0.03997404,-0.01076411
0.03964722,-0.01331875,0.04001418,-0.01081661
0.03968608,-0.01336139,0.04005432,-0.01086912
0.03972493,-0.01340405,0.04009446,-0.01092163
0.03976377,-0.01344671,0.04013459,-0.01097415
0.03980260,-0.01348938,0.04017471,-0.01102666
0.03984142,-0.01353206,0.04021483,-0.01107919
0.03988024,-0.01357474,0.04025494,-0.01113172
0.03991904,-0.01361744,0.04029504,-0.01118425
0.03995783,-0.01366014,0.04033514,-0.01123679
0.03999662,-0.01370286,0.04037524,-0.01128933
0.04003539,-0.01374558,0.04041532,-0.01134187
0.04007416,-0.01378831,0.04045541,-0.01139442
0.04011292,-0.01383105,0.04049549,-0.01144697
0.04015167,-0.01387379,0.04053556,-0.01149953
0.04019041,-0.01391654,0.04057563,-0.01155209
0.04022914,-0.01395930,0.04061569,-0.01160466
0.04026786,-0.01400207,0.04065574,-0.01165723
0.04030658,-0.01404484,0.04069580,-0.01170980
0.04034529,-0.01408763,0.04073584,-0.01176238
0.04038399,-0.01413041,0.04077588,-0.01181496
0.04042268,-0.01417321,0.04081592,-0.01186755
0.04046137,-0.01421601,0.04085595,-0.01192013
0.04050005,-0.01425882,0.04089598,-0.01197273
0.04053872,-0.01430164,0.04093600,-0.01202532
0.04057738,-0.01434446,0.04097602,-0.01207792
0.04061604,-0.01438729,0.04101603,-0.01213053
0.04065469,-0.01443012,0.04105604,-0.01218313
0.04069334,-0.01447296,0.04109604,-0.01223574
0.04073197,-0.01451581,0.04113604,-0.01228836
0.04077060,-0.01455866,0.04117603,-0.01234098
0.04080923,-0.01460152,0.04121602,-0.01239360
0.04084785,-0.01464438,0.04125600,-0.01244622
0.04088646,-0.01468725,0.04129598,-0.01249885
0.04092506,-0.01473013,0.04133596,-0.01255148
0.04096366,-0.01477301,0.04137593,-0.01260412
0.04100226,-0.01481589,0.04141590,-0.01265675
0.04104084,-0.01485878,0.04145586,-0.01270939
0.04107943,-0.01490168,0.04149582,-0.01276204
0.04111800,-0.01494458,0.04153577,-0.01281469
0.04115657,-0.01498748,0.04157572,-0.01286734
0.04119514,-0.01503039,0.04161567,-0.01291999
0.04123370,-0.01507331,0.04165561,-0.01297265
0.04127226,-0.01511623,0.04169555,-0.01302531
0.04131081,-0.01515915,0.04173548,-0.01307797
0.04134935,-0.01520208,0.04177541,-0.01313064
0.04138789,-0.01524502,0.04181533,-0.01318331
0.04142643,-0.01528795,0.04185526,-0.01323598
0.04146496,-0.01533090,0.04189517,-0.01328866
0.04150348,-0.01537384,0.04193509,-0.01334133
0.04154200,-0.01541679,0.04197500,-0.01339402
0.04158052,-0.01545975,0.04201490,-0.01344670
0.04161903,-0.01550271,0.04205481,-0.01349939
0.04165754,-0.01554567,0.04209470,-0.01355208
0.04169604,-0.01558864,0.04213460,-0.01360477
0.04173453,-0.01563161,0.04217449,-0.01365746
0.04177303,-0.01567459,0.04221438,-0.01371016
0.04181152,-0.01571757,0.04225426,-0.01376286
0.04185000,-0.01576055,0.04229414,-0.01381557
0.04188848,-0.01580354,0.04233402,-0.01386827
0.04192695,-0.01584653,0.04237389,-0.01392098
0.04196542,-0.01588953,0.04241376,-0.01397369
0.04200389,-0.01593253,0.04245363,-0.01402640
0.04204235,-0.01597553,0.04249349,-0.01407912
0.04208081,-0.01601854,0.04253335,-0.01413184
0.04211926,-0.01606155,0.04257321,-0.01418456
0.04215771,-0.01610457,0.04261306,-0.01423729
0.04219616,-0.01614758,0.04265291,-0.01429001
0.04223460,-0.01619061,0.04269276,-0.01434274
0.04227304,-0.01623363,0.04273260,-0.01439547
0.04231147,-0.01627666,0.04277244,-0.01444821
0.04234990,-0.01631970,0.04281228,-0.01450094
0.04238832,-0.01636273,0.04285211,-0.01455368
0.04242674,-0.01640578,0.04289195,-0.01460642
0.04246516,-0.01644882,0.04293177,-0.01465916
0.04250357,-0.01649187,0.04297160,-0.01471191
0.04254198,-0.01653492,0.04301142,-0.01476466
0.04258038,-0.01657797,0.04305124,-0.01481741
0.04261879,-0.01662103,0.04309106,-0.01487016
0.04265718,-0.01666409,0.04313087,-0.01492291
0.04269558,-0.01670715,0.04317068,-0.01497567
0.04273397,-0.01675022,0.04321049,-0.01502843
0.04277236,-0.01679329,0.04325029,-0.01508119
0.04281075,-0.01683636,0.04329009,-0.01513395
0.04284913,-0.01687943,0.04332989,-0.01518672
0.04288751,-0.01692251,0.04336969,-0.01523948
0.04292588,-0.01696559,0.04340948,-0.01529225
0.04296426,-0.01700867,0.04344927,-0.01534502
0.04300263,-0.01705176,0.04348906,-0.01539780
0.04304100,-0.01709484,0.04352884,-0.01545057
0.04307937,-0.01713793,0.04356863,-0.01550335
0.04311773,-0.01718102,0.04360841,-0.01555613
0.04315609,-0.01722411,0.04364818,-0.01560891
0.04319446,-0.01726721,0.04368796,-0.01566170
0.04323281,-0.01731030,0.04372773,-0.01571448
0.04327117,-0.01735340,0.04376750,-0.01576727
0.04330953,-0.01739650,0.04380727,-0.01582006
0.04334788,-0.01743960,0.04384703,-0.01587285
0.04338623,-0.01748270,0.04388679,-0.01592564
0.04342459,-0.01752580,0.04392655,-0.01597844
0.04346294,-0.01756891,0.04396631,-0.01603123
0.04350129,-0.01761201,0.04400606,-0.01608403
0.04353963,-0.01765511,0.04404581,-0.01613683
0.04357798,-0.01769822,0.04408556,-0.01618964
0.04361633,-0.01774133,0.04412531,-0.01624244
0.04365467,-0.01778443,0.04416505,-0.01629525
0.04369302,-0.01782754,0.04420479,-0.01634805
0.04373136,-0.01787065,0.04424453,-0.01640086
0.04376971,-0.01791376,0.04428427,-0.01645368
0.04380805,-0.01795687,0.04432400,-0.01650649
0.04384640,-0.01799997,0.04436374,-0.01655930
0.04388474,-0.01804308,0.04440347,-0.01661212
0.04392309,-0.01808619,0.04444319,-0.01666494
0.04396143,-0.01812930,0.04448292,-0.01671776
0.04399977,-0.01817241,0.04452264,-0.01677058
0.04403812,-0.01821552,0.04456236,-0.01682341
0.04407646,-0.01825863,0.04460208,-0.01687624
0.04411481,-0.01830173,0.04464179,-0.01692906
0.04415315,-0.01834484,0.04468150,-0.01698189
0.04419150,-0.01838795,0.04472121,-0.01703473
0.04422984,-0.01843106,0.04476092,-0.01708756
0.04426819,-0.01847417,0.04480063,-0.01714039
0.04430653,-0.01851727,0.04484033,-0.01719323
0.04434488,-0.01856038,0.04488003,-0.01724607
0.04438322,-0.01860349,0.04491973,-0.01729891
0.04442157,-0.01864660,0.04495942,-0.01735176
0.04445991,-0.01868971,0.04499912,-0.01740460
0.04449826,-0.01873281,0.04503881,-0.01745745
0.04453660,-0.01877592,0.04507849,-0.01751030
0.04457495,-0.01881903,0.04511818,-0.01756315
0.04461329,-0.01886214,0.04515786,-0.01761600
0.04465164,-0.01890525,0.04519754,-0.01766885
0.04468998,-0.01894835,0.04523722,-0.01772171
0.04472833,-0.01899146,0.04527689,-0.01777457
0.04476667,-0.01903457,0.04531657,-0.01782743
0.04480501,-0.01907768,0.04535624,-0.01788029
0.04484336,-0.01912079,0.04539590,-0.01793316
0.04488170,-0.01916390,0.04543556,-0.01798602
0.04492005,-0.01920700,0.04547523,-0.01803889
0.04495839,-0.01925011,0.04551488,-0.01809176
0.04499674,-0.01929322,0.04555454,-0.01814464
0.04503508,-0.01933633,0.04559419,-0.01819751
0.04507343,-0.01937943,0.04563384,-0.01825039
0.04511178,-0.01942254,0.04567348,-0.01830327
0.04515013,-0.01946564,0.04571313,-0.01835615
0.04518848,-0.01950875,0.04575277,-0.01840904
0.04522683,-0.01955185,0.04579240,-0.01846192
0.04526518,-0.01959495,0.04583204,-0.01851481
0.04530354,-0.01963805,0.04587167,-0.01856771
0.04534189,-0.01968115,0.04591129,-0.01862060
0.04538025,-0.01972424,0.04595091,-0.01867350
0.04541862,-0.01976733,0.04599053,-0.01872640
0.04545699,-0.01981042,0.04603015,-0.01877930
0.04549536,-0.01985350,0.04606976,-0.01883221
0.04553374,-0.01989658,0.04610937,-0.01888512
0.04557213,-0.01993964,0.04614897,-0.01893803
0.04561053,-0.01998271,0.04618857,-0.01899095
0.04564893,-0.02002576,0.04622816,-0.01904386
0.04568734,-0.02006882,0.04626775,-0.01909679
0.04572574,-0.02011187,0.04630734,-0.01914971
0.04576415,-0.02015492,0.04634692,-0.01920264
0.04580256,-0.02019797,0.04638650,-0.01925557
0.04584097,-0.02024103,0.04642608,-0.01930850
0.04587936,-0.02028409,0.04646566,-0.01936143
0.04591775,-0.02032716,0.04650523,-0.01941436
0.04595613,-0.02037023,0.04654480,-0.01946730
0.04599450,-0.02041332,0.04658438,-0.01952023
0.04603286,-0.02045641,0.04662395,-0.01957317
0.04607121,-0.02049952,0.04666352,-0.01962610
0.04610955,-0.02054263,0.04670310,-0.01967904
0.04614789,-0.02058574,0.04674267,-0.01973197
0.04618623,-0.02062886,0.04678224,-0.01978490
0.04622457,-0.02067196,0.04682181,-0.01983784
0.04626294,-0.02071506,0.04686137,-0.01989079
0.04630133,-0.02075812,0.04690092,-0.01994374
0.04633976,-0.02080115,0.04694045,-0.01999671
0.04637825,-0.02084413,0.04697997,-0.02004968
0.04641681,-0.02088705,0.04701946,-0.02010268
0.04645545,-0.02092990,0.04705893,-0.02015569
0.04649415,-0.02097268,0.04709837,-0.02020872
0.04653291,-0.02101541,0.04713781,-0.02026176
0.04657167,-0.02105815,0.04717724,-0.02031480
0.04661038,-0.02110093,0.04721668,-0.02036783
0.04664899,-0.02114381,0.04725616,-0.02042084
0.04668738,-0.02118687,0.04729568,-0.02047381
0.04672546,-0.02123021,0.04733526,-0.02052674
0.04676316,-0.02127389,0.04737493,-0.02057960
0.04680049,-0.02131787,0.04741468,-0.02063240
0.04683769,-0.02136198,0.04745446,-0.02068518
0.04687512,-0.02140588,0.04749416,-0.02073802
0.04691322,-0.02144920,0.04753367,-0.02079100
0.04695245,-0.02149151,0.04757286,-0.02084423
0.04699329,-0.02153225,0.04761161,-0.02089776
0.04703621,-0.02157079,0.04764958,-0.02095185
0.04708155,-0.02160644,0.04768606,-0.02100697
0.04712961,-0.02163833,0.04771966,-0.02106386
0.04718064,-0.02166518,0.04774805,-0.02112351
0.04723473,-0.02168510,0.04776780,-0.02118650
0.04729127,-0.02169625,0.04777583,-0.02125200
0.04734888,-0.02169841,0.04777184,-0.02131789
0.04740625,-0.02169273,0.04775772,-0.02138240
0.04746250,-0.02168004,0.04773479,-0.02144433
0.04751665,-0.02166026,0.04770290,-0.02150214
0.04756765,-0.02163339,0.04766226,-0.02155418
0.04761445,-0.02159972,0.04761445,-0.02159972
