s,TI_4.0,TI_5.0
1.0,0.4944159859026414,0.49503840263023335
0.9991763555880849,0.49440147319397615,0.4949873871923563
0.9983527340995095,0.4962064335375083,0.4967224873494683
0.9975292237765837,0.4977835083936341,0.4982682038153661
0.9967057478739336,0.4989177649972127,0.4994268781242415
0.9958823581786349,0.498966726488709,0.4994924449131641
0.9950590695411862,0.4981997891306768,0.49875105792282004
0.9942358813143564,0.4973439260113006,0.4979095714393513
0.9934127601593175,0.4972157430975927,0.4977874307489917
0.9925896357500437,0.4991647503928265,0.4997151668849579
0.991766438134779,0.505120726611082,0.5056309575487768
0.9909431306460653,0.5151049133700997,0.5156088412842669
0.9901197069258907,0.5241007944164856,0.5246337883157228
0.9892961978074488,0.5240027113439804,0.5245592932746306
0.988472512104217,0.5170123314759686,0.5175817566404384
0.9876487251903967,0.5149413039143871,0.5155002441714606
0.9834708899442312,0.48559673875440434,0.48618865273968176
0.9801168333241166,0.47636397717588164,0.47695639037954696
0.9767627765117172,0.4677583051221881,0.4683519218645854
0.9734087202255364,0.4612210702663294,0.46181092410302255
0.9700546637373042,0.45540097193533674,0.4559853328272392
0.9667006078662461,0.4504060756517138,0.4509834625404104
0.9633465512014678,0.4457840316735114,0.4463537711296872
0.9599924954605622,0.44160729334917204,0.44216888939147314
0.9566384392390317,0.4377584926564947,0.43831172546718394
0.9532843827443993,0.4340959227926576,0.43464075247949696
0.94993032642866,0.4306479491140119,0.4311843628379021
0.9465762699658371,0.42739122108701516,0.4279193146678582
0.9432222133382049,0.42427285745430354,0.4247927575524762
0.9398681565359996,0.4212855444304285,0.4217974462100775
0.9365141002644194,0.41842317481468094,0.4189272434300442
0.9331600436752212,0.415630834592879,0.4161272734852345
0.9298059870615001,0.4129109908023808,0.4133999809697694
0.9264519308260234,0.4103033811441621,0.41078510992610545
0.9230978742636998,0.4077729584851214,0.4082476460648891
0.9197438178414926,0.4052941430418134,0.4057619935097014
0.9163897615205466,0.4028577423341,0.40331895459215455
0.9130357050071806,0.4004690508797177,0.40092378976461673
0.9096816486460259,0.39814070007429103,0.3985891348912983
0.9063275921378143,0.39586360574518015,0.39630592584798674
0.9029735356434265,0.39362391768792543,0.39406030239995915
0.8996194794200522,0.3914138628532952,0.3918444581474865
0.8962654223786702,0.3892264626526144,0.38965142928841134
0.8929113659097055,0.3870931587382878,0.38751260976508267
0.8895573098573999,0.38501947973863787,0.3854335681861704
0.8862032535690886,0.3829629753658115,0.383371892366783
0.8828491971040434,0.38090973816445095,0.38131366043050696
0.8794951410116519,0.37888500406073994,0.3792839318685064
0.8761410851467364,0.37691001674276586,0.37730415718697474
0.8727870289964236,0.37493943131121893,0.3753289179822509
0.8694329722998781,0.37298216674341955,0.3733670952060969
0.8660789162908842,0.3710429162052122,0.37142342729530575
0.8627248607753201,0.3691546490769965,0.3695307812830947
0.8593708044772415,0.3672900239580053,0.36766195631836696
0.8560167481373189,0.36544062429146923,0.3658084588247984
0.8526626922981235,0.36359873457703684,0.36396260630551386
0.849308636332321,0.3617652534186296,0.36212524729117285
0.845954580120884,0.3599423580990962,0.3602985600188367
0.8426005243289676,0.3581472783706244,0.35849975540804224
0.8392464686236052,0.3563805587289442,0.35672940827914645
0.8358924126082216,0.35463302270350244,0.35497837101570506
0.8325383565413692,0.35289732337358976,0.3532392778393624
0.8291843007489735,0.35117490568131365,0.35151355039957205
0.8258302449943415,0.349464836817008,0.3498002441110343
0.8224761891221798,0.3477686018597833,0.34810086597611845
0.8191221334000162,0.3460845841869873,0.34641376343439423
0.8157680774644116,0.34441443058211807,0.3447406025614496
0.8124140216592354,0.34276296714499127,0.34308616984201107
0.809059966252352,0.3411342259087383,0.34145453958993605
0.8057059107335339,0.3395210186332408,0.339838517271449
0.8023518547953278,0.3379112523516495,0.3382260042260185
0.7989977988335688,0.336305306539624,0.33661734724359266
0.7956437434680065,0.3347131350009291,0.33502244666110226
0.7922896880306444,0.333138399187403,0.3334450027357205
0.788935632483947,0.3315802061361667,0.3318841099909402
0.7855815767932782,0.3300334974566471,0.33033473301433003
0.7822275208046776,0.328499825425764,0.32879838051371674
0.7788734655380879,0.3269816863902125,0.32727757621558035
0.7755194106496043,0.32548034573841383,0.32577361801865923
0.7721653554480303,0.32399148227879115,0.324282103772314
0.7688112997672568,0.3225068811410718,0.322794835085201
0.7654572438001663,0.3210276462620759,0.3213128745644889
0.7621031894046134,0.31956172584061715,0.3198441516366362
0.7587491346799143,0.3181122148420779,0.3183918005655992
0.7553950793105125,0.31668062113164525,0.31695737166496635
0.7520410239841533,0.31526492339232154,0.31553892840353515
0.7486869691308589,0.31386555511129516,0.31413683238504403
0.7453329142549294,0.3124740489351815,0.31274271348459465
0.7419788588267572,0.3110838501287166,0.31134988146378123
0.7386248035135927,0.3096976899180323,0.30996111383879726
0.7352707486454766,0.30833046017941235,0.30859124265508503
0.7319166940484028,0.3069864909023251,0.30724472146132575
0.7285626392484927,0.30565782777826983,0.3059135941140532
0.7252085840404394,0.30433221535482524,0.3045855371452611
0.721854528942604,0.3030101790817534,0.30326100189357613
0.7185004741324964,0.3016982717633776,0.3019464425241402
0.715146419449919,0.30040402376952574,0.3006494309305526
0.7117923646729487,0.2991247225708932,0.2993672438973918
0.7084383097974508,0.29786104966250504,0.2981005443390822
0.7050842547941846,0.2966100805535976,0.296846395111682
0.7017302001797772,0.2953721777737643,0.29560512701518576
0.6983761456494051,0.2941445953740486,0.29437401608835523
0.6950220910231947,0.29292646402698885,0.29315220165275807
0.6916680366086947,0.29171843406847986,0.2919403847820686
0.688313981943537,0.2905187877683808,0.2907368997968987
0.6849599272886716,0.28932941724105277,0.28954370681776165
0.6816058730978107,0.2881570671080965,0.28836764766925826
0.6782518198716992,0.287003352670672,0.2872104261362433
0.6748977656636259,0.28586505375054383,0.2860688517179393
0.6715437108977288,0.28473178917411107,0.2849324266783612
0.6681896551187324,0.283603842116682,0.2838012735953606
0.6648356005199335,0.2824862804703524,0.2826803486936811
0.661481546432586,0.28138715175825596,0.2815776763016593
0.6581274924445647,0.28030367560980635,0.28049050230183814
0.6547734380141902,0.27923242593399433,0.27941540734924336
0.651419383484947,0.2781684730024226,0.2783474672395738
0.64806532925822,0.2771135747889918,0.2772884997737426
0.6447112753273192,0.2760717714062845,0.27624266178960694
0.6413572213597005,0.2750414379953852,0.2752084069292859
0.6380031671597503,0.27402568704573993,0.2741888476292177
0.6346491132090369,0.273021084212494,0.27318048883623
0.6312950593127906,0.2720303075594617,0.2721858680252183
0.6279410055208654,0.27105024793661797,0.27120178103389364
0.6245869516031151,0.2700796673028569,0.27022684467944635
0.6212328971745915,0.2691194553549387,0.26926190465495364
0.617878843365698,0.2681708148732797,0.26830812525523
0.6145247896959313,0.2672354556221609,0.26736730177039675
0.6111707358816211,0.26631285752436495,0.26643903776092104
0.6078166821186729,0.26540077507080906,0.2655213130945852
0.6044626282458344,0.2644991106092675,0.2646143731605209
0.6011085744558597,0.2636076842704715,0.26371854714791837
0.5977545210018579,0.2627277840761108,0.2628356892822722
0.5944004672388062,0.2618573050436113,0.26196423219677856
0.5910464134250344,0.2609978811275981,0.26110605039658735
0.5876923597993394,0.2601448112571665,0.2602564203069181
0.5843383064138986,0.25930230442762364,0.2594191402286494
0.5809842531769852,0.25846282926979425,0.2585860933321294
0.5776301992667987,0.2576261035031554,0.2577562857648167
0.5742761446526476,0.25679547564808625,0.25693251205249434
0.5709220914494277,0.2559807769547058,0.2561242378791225
0.567568039256666,0.25518794832401615,0.2553373673973917
0.5642139860364922,0.25440640357079897,0.2545607976853482
0.5608599318742956,0.25362542062597415,0.25378351338058147
0.5575058778696504,0.25284246587016623,0.2530032243074139
0.5541518243498239,0.25206772666587923,0.2522306809994957
0.5507977718804565,0.25130497278953884,0.25146841717839274
0.5474437187517155,0.2505553265838741,0.25071806434614957
0.5440896649983672,0.2498135270044912,0.24997592025964693
0.5407356114582029,0.24908064042692457,0.24924255858772035
0.5373815584313409,0.2483554642599798,0.2485170229466557
0.5340275052883742,0.247638672068649,0.2477999385384042
0.5306734518519091,0.24692780023322566,0.24708876179295022
0.5273193984449701,0.24622373167354977,0.24638428646423027
0.5239653453010554,0.24553045625678263,0.24569047858785642
0.5206112924011816,0.2448457551985658,0.24500519852847735
0.517257239421767,0.2441692714485728,0.24432795252803133
0.51390318555958,0.24349687881819224,0.24365464827659403
0.5105491309319123,0.2428304911295658,0.2429872392943315
0.5071950776507729,0.24217343498622043,0.24232909554694096
0.5038410260559602,0.24152968576235934,0.24168420475665167
0.5004869743437609,0.2408949216159003,0.24104826807729904
0.4971329212397214,0.240261248280841,0.24041339165809772
0.4937788677580642,0.23962488788520656,0.23977582803582523
0.49042481454770037,0.23899312888298194,0.23914285519516026
0.48707076179676073,0.23837406375393932,0.23852256911972142
0.48371670949674256,0.23776791160406635,0.23791518863584754
0.48036265637059866,0.23716795656785156,0.23731400910710831
0.47700860256814526,0.2365667797193347,0.23671161911301072
0.4736545492131788,0.23596978923423756,0.2361134213523227
0.4703004964677681,0.23537921775691428,0.23552163833437328
0.466946443858248,0.23480129528985308,0.23494249554950222
0.4635923911109833,0.2342292985479919,0.23436927048872463
0.46023833807364334,0.23365857666814557,0.23379731146572927
0.45688428495332306,0.2330871094309397,0.2332246266942829
0.45353023199649495,0.23252171380095096,0.2326580605353989
0.4501761795447471,0.23196999482271882,0.23210516603999143
0.44682212708670205,0.23142833773334198,0.23156234116274865
0.4434680741848426,0.23088859586415908,0.23102143809668974
0.4401140211363537,0.23034500268203192,0.23047669773633564
0.43675996821816365,0.22980477265766294,0.22993533471497124
0.4334059158311017,0.2292721120481025,0.2294015611210612
0.43005186373254894,0.2287519861502632,0.22888032138663614
0.4266978109273986,0.2282334720529098,0.22836070674597178
0.4233437577040975,0.22771896641955738,0.22784510891507398
0.4199897049868833,0.22720514414643514,0.22733021065429387
0.4166356528677324,0.22669905456976228,0.22682305024603291
0.41328160045793316,0.226199099031558,0.22632202902780824
0.40992754801762016,0.225706968693366,0.2258288373772484
0.40657349562658085,0.22522020808535806,0.22534101755066113
0.40321944345056193,0.22474212197370436,0.2248618735048041
0.39986539111500996,0.22426401991936723,0.22438273014538243
0.39651133864106547,0.22378654203067022,0.22390422651000763
0.39315728615633083,0.22331133780026652,0.22342801170849474
0.3898032342774677,0.2228492233807085,0.22296488145101534
0.3864491824292113,0.22239727575165638,0.22251191325448935
0.3830951303382508,0.2219506309831599,0.2220642410087062
0.37974107808159346,0.22150244992342227,0.22161505970293607
0.3763870259555801,0.2210600387673444,0.22117166086205028
0.3730329742723583,0.22062561627498634,0.22073625993649187
0.36967892262630014,0.2202007190876215,0.22031038657931826
0.3663248707547082,0.21978207973071692,0.21989077126617346
0.36297081873588005,0.21936962628439435,0.2194773504965205
0.35961676683654353,0.21896412909656532,0.21907087638128592
0.356262715639611,0.21856995347277217,0.2186756973729948
0.3529086642838171,0.21818599197929192,0.21829068459476308
0.34955461284745865,0.2178083398095617,0.21791202808492455
0.34620056097694674,0.21743526677637287,0.21753797033197045
0.3428465094013215,0.21707082132796443,0.21717250881087372
0.33949245861355665,0.21671483902051686,0.2168155163088525
0.33613840759038854,0.21637022342117448,0.21646991820003386
0.3327843565126946,0.2160323605047966,0.21613107111589677
0.32943030518053534,0.21570279244548463,0.2158005239264823
0.32607625437401844,0.21538868584665097,0.21548541955798528
0.32272220389292666,0.21509454614490592,0.2151902596771296
0.3193681533066918,0.2148100935275961,0.21490480988787325
0.31601410197296087,0.2145239697000058,0.21461778111626909
0.3126600509927503,0.21424430045897006,0.21433724790427985
0.3093060012231682,0.21398696844602194,0.21407902836452408
0.30595195147502546,0.2137494658046545,0.21384056674580806
0.3025979002785507,0.21352036036342867,0.21361048379134293
0.29924384940593324,0.21330067324439367,0.2133897965532108
0.2958897992980126,0.21309520763253126,0.2131833250815923
0.29253574944165134,0.21290562412318345,0.21299272410268885
0.2891816994929297,0.21272892705153562,0.21281500423334707
0.28582764898884455,0.2125615892563107,0.21264664785560425
0.28247359895530083,0.21241212036151502,0.21249615666442465
0.2791195496744036,0.21228665294593085,0.21236964502093392
0.2757655000898288,0.21217781653897377,0.21225975840089584
0.27241144925772404,0.21207278158895743,0.21215367530353396
0.2690573992771475,0.21198161353202483,0.21206145780335234
0.26570334968811204,0.21191204550121173,0.2119908228846953
0.26234930000531403,0.2118602278241106,0.21193792892014982
0.2589952499925297,0.21181849748065304,0.2118951208992945
0.25564120017792985,0.2117925254074086,0.21186806204499248
0.2522871507206762,0.2117898501069027,0.21186428376328065
0.2489331011882713,0.21180376776564414,0.21187708837919242
0.24557905115599768,0.21182595275631,0.21189816377874046
0.24222500136275416,0.21186560621662578,0.21193669570174553
0.23887095203987765,0.21193170920563437,0.21200166267847773
0.23551690239225817,0.21200915045947294,0.21207795663348317
0.23216285156365424,0.21209232576069997,0.21215999320261242
0.22880880214528118,0.21219147585423911,0.21225800252123456
0.22545475302759355,0.21231862716863684,0.2123840024207136
0.2221007032854385,0.2124636720132812,0.2125278875566302
0.21874665366355694,0.2126261933754078,0.21268924490030475
0.21539260370558053,0.21280303478285062,0.21286491862369303
0.21203855386948892,0.21299272562467939,0.21305344590198202
0.2086845039196199,0.21319661306379667,0.2132561707779962
0.205330453840706,0.2134195906318005,0.21347798344934513
0.20197640395951139,0.21366070417466707,0.2137179274267583
0.1986223535252572,0.21392095476273723,0.21397700991407467
0.19526830370605247,0.21419679066360156,0.21425167574547976
0.19191425332422604,0.21448129353492001,0.21453501294378013
0.1885602024270157,0.21477630699265357,0.2148288824818422
0.18520615239761976,0.21510343413619426,0.2151548427560292
0.1818521018873188,0.2154509503258013,0.21550119263383472
0.1784980510146115,0.2158086267332643,0.2158577134777628
0.17514400024640164,0.21616715714227253,0.21621510936734814
0.17178994770671,0.21652845537891793,0.21657528528124495
0.1684358974730032,0.21693546914481948,0.2169811393552017
0.165081847462052,0.21736650100183014,0.21741101475028984
0.16172779499239864,0.21777122770634835,0.21781460986418125
0.1583737435711613,0.21818723635577128,0.21822948829649724
0.1550196925155424,0.21863401278159822,0.21867512603107978
0.15166563950794226,0.21908774889114235,0.21912772355532023
0.14831158816724668,0.2195457435385898,0.21958459262097801
0.14495753556274688,0.2199846316812432,0.22002236779891063
0.1416034833488699,0.22044021555223128,0.2204768374561332
0.13824943375397045,0.22092097926716328,0.22095646492283633
0.13489538039530002,0.22137889493532925,0.22141325165776424
0.13154132645896785,0.22181271804564107,0.22184597570481307
0.1281872732007712,0.2222490808289054,0.2222812473619601
0.12483321900815975,0.22267345330231023,0.222704544291392
0.12147916460896818,0.22307446692479568,0.22310449624014503
0.11812510997504658,0.2234684281561375,0.22349742792119512
0.11477105521762718,0.2238314852126811,0.2238594624123496
0.11141699961721178,0.22414630507001168,0.22417330909722966
0.10806294434576433,0.22441966187679543,0.22444572252672046
0.10470888866782273,0.2246591477648424,0.22468431212005924
0.10135483212171033,0.22483820451261669,0.22486248885464266
0.09800077607378185,0.22496497058324338,0.2249884564098959
0.09464671975497792,0.2250202994101149,0.22504303581947546
0.09129266322824109,0.22498832200309102,0.22501039291002803
0.08793860637001266,0.22484898391089447,0.22487046646643757
0.08458454961394396,0.2246100739039791,0.22463106768545588
0.08123049260184245,0.2242514070159803,0.22427200187036794
0.07787643561675127,0.2237633433657179,0.22378365082977167
0.07452237850963828,0.22310292119341554,0.22312306650190572
0.07116832169090223,0.22222766800653357,0.22224782113132446
0.06781426477351223,0.2211563793497916,0.2211767032161257
0.0644602075012175,0.21984717339514906,0.21986785827755784
0.06110615159301829,0.2181931864178942,0.2182144749933824
0.05775209553746683,0.21623777308353812,0.216259908082781
0.054398040236816464,0.21386558161819597,0.21388888309517515
0.05104398689759875,0.2109842432068549,0.21100909962599781
0.047689933949432564,0.20759182909382234,0.20761864045842918
0.0443358861178143,0.20343938342249712,0.20346869325484732
0.04098184088694756,0.19847111771250286,0.1985036094466081
0.037627802185114585,0.1924446151411471,0.19248115372763602
0.03427377320254567,0.18508703949853061,0.1851287715227018
0.030919757739985485,0.17601195048317833,0.17606041625553365
0.027565764664830145,0.165072630609984,0.1651297723154291
0.024211812540895248,0.14992946444511013,0.1499995955206996
0.02085792434288317,0.13593785968938532,0.13602131202075138
0.01750416028513208,0.09744743234473931,0.09757743849909249
0.013266822899822901,0.07689166559143558,0.07704365504819938
0.012382272157644883,0.03892401110805896,0.03925049286922746
0.011497724911380259,0.0435388494693876,0.043803565044134254
0.010613185026871402,0.013662120647586932,0.014445244188221018
0.009728649810832338,0.015750098249041593,0.016351740763260264
0.00884412273755904,0.011740484998746413,0.01241523840654014
0.00795960572968996,0.03579751035489313,0.03596441541472953
0.007075101211780789,0.057583304594712975,0.05763864271010507
0.006190612492976929,0.0838538394446144,0.08384698497651773
0.005306144351440654,0.11275714572808476,0.11270824136730495
0.004421702165067438,0.1455149046813778,0.145431986751389
0.0035372914628747924,0.1817832902465198,0.18166992030261325
0.0026529175664329907,0.22209835613755424,0.22195570249557117
0.001768597063802909,0.2652547323896224,0.26508287239149453
0.0008842788662753254,0.3154957475599269,0.31529460304890783
0.0,0.3599814793688932,0.35974809480345954
0.0,0.4743404894079833,0.47403392080753404
0.0008837492984536739,0.5225176133178073,0.5221756500641926
0.0017675829339045743,0.575512612794187,0.5751305128957919
0.002651454113911014,0.615574400026464,0.6151577047918899
0.0035354347451318144,0.6439086274508302,0.6434656244060953
0.004419484869065504,0.6653712863184279,0.6649084880117413
0.005303588174087313,0.6813895538789643,0.6809115519622462
0.006187731770518519,0.6928944082344649,0.6924053068436535
0.007071904553020373,0.7011584541758362,0.7006617938457251
0.007956097669561896,0.7071424260487976,0.7066406251249244
0.008840305338153361,0.7115352103318355,0.7110301411795665
0.009724524443397286,0.7145079503722773,0.7140009206522214
0.010608752454272207,0.7167907857885348,0.7162832258145474
0.011492985075905265,0.7181988264343391,0.7176900043437078
0.012377225445992443,0.7191131821832963,0.718606999729439
0.0132614685530071,0.719160725747702,0.7186514127865036
0.017498518868525718,0.7079722517395856,0.7074846497269828
0.020852278209795197,0.7150920844323161,0.7146045428232944
0.02420615422642089,0.7171238007769178,0.7166320844703983
0.02756009400779159,0.7164029646634905,0.7159138526631321
0.030914059567194167,0.7163815307695804,0.7158962077128334
0.03426806237419441,0.7169168087779771,0.716433523698267
0.037622074406040595,0.7177940299960741,0.717312299451237
0.04097610105370562,0.7188204211204989,0.7183401803243948
0.04433013462329141,0.7200131614466609,0.7195342509921422
0.04768417458986325,0.7214351537974139,0.7209573226790935
0.0510382188043544,0.7230252835956592,0.7225484199849241
0.054392265615654266,0.7247466025032404,0.7242706056794865
0.057746316789758306,0.7265630993269108,0.7260880091294518
0.06110036880226907,0.7285209957505296,0.7280468737785875
0.06445442238003289,0.7305615487228627,0.7300885355256225
0.06780847819099559,0.7326159155275082,0.7321442700079183
0.07116253409559135,0.7347368696580378,0.7342669513622413
0.07451659016488928,0.7368184459511455,0.7363507105787319
0.07787065022158221,0.7388658050007861,0.7384007683236534
0.08122470854379374,0.7410689231406256,0.7406070589728695
0.08457876686828499,0.7432611483973531,0.7428031319247088
0.0879328271127814,0.745307282065563,0.7448539902843917
0.09128688677302003,0.7473649299365717,0.7469169973616709
0.0946409467540847,0.7494627406239034,0.7490206982068811
0.09799500716799098,0.7515099842040923,0.7510752148255387
0.10134906693389263,0.7534820404482135,0.753056526730588
0.10470312801850336,0.7553766649106245,0.7549624718313631
0.10805718865556994,0.7572402211235028,0.7568393829452189
0.11141124943492517,0.7590812283175328,0.7586958906133701
0.11476531097524008,0.7608740110848057,0.7605068950279712
0.1181193713270127,0.7625903283500106,0.7622448000585192
0.1214734320798898,0.7641989363222951,0.7638790671707173
0.12482749333765752,0.7657285235547562,0.7654391937217672
0.1281815541258613,0.7672331805331861,0.7669802989920944
0.13153561406040873,0.7686869145265597,0.7684777709138115
0.13488967483183978,0.7700433922531754,0.7698871564831851
0.13824373577510365,0.7713099295078605,0.7712182473219164
0.14159779588060628,0.7725004120953332,0.7724881155238968
0.14495185598806998,0.7736229215642062,0.773709201789865
0.14830591613346814,0.7746699464095809,0.7748810763994594
0.1516599762750273,0.7756401890644056,0.7760180943651741
0.15501403604308833,0.7765289890690069,0.7771403856806671
0.15836809541859306,0.777339039362231,0.7782539673008533
0.16172215443718935,0.7780569711178892,0.7792501933269151
0.1650762141695946,0.7787054045192409,0.7799502003754452
0.16843027386223156,0.7792887707115529,0.7802138327082186
0.1717843323334154,0.7797901199148294,0.7800748730615857
0.17513839086748295,0.7802156655776827,0.7797154335908575
0.17849244935947572,0.7805625576670067,0.7793033618727463
0.18184650787824547,0.7808521282043694,0.7789610580662215
0.1852005624171088,0.7810741733746004,0.7787046398375017
0.1885546175508626,0.7812151414787262,0.7785020956382263
0.19190867592812752,0.7812627469005072,0.7783155967236676
0.19526273833412838,0.7812588425204038,0.7781641553624757
0.19861679700603813,0.7812354988550096,0.7780494087198137
0.20197085306211493,0.7811691840461802,0.7779136357449006
0.2053249094614251,0.7810110089551527,0.7776897506931415
0.20867896637452285,0.7807954187233075,0.7774125971786839
0.21203302270552868,0.7805738580792067,0.7771308576864614
0.21538707785908556,0.7803522189056518,0.7768292286575185
0.21874113277861887,0.7800899938955873,0.7764461522118952
0.22209518816457008,0.7797807293879709,0.7759704597695807
0.22544924364037863,0.7794935988769083,0.7754591900094177
0.22880329807413222,0.7792835719106815,0.774929578612605
0.23215735170133958,0.779103502987275,0.7743393470190223
0.23551140575394022,0.7787578527712816,0.7736682270566998
0.23886546023468988,0.7779685267799252,0.7729540114564115
0.2422195142131878,0.7766183281125988,0.7722469788892655
0.24557356681530948,0.7748291227398346,0.7715206544689444
0.24892761934701008,0.7728531897168559,0.7707226470403481
0.25228167237022553,0.7709218594891928,0.7698394356261831
0.25563572521387556,0.769218677074002,0.7689447241989014
0.2589897772364746,0.7677572592771249,0.7680436430959426
0.26234382922901356,0.7665165592502874,0.7671543337204069
0.26569788122488947,0.7653760686506852,0.7662089252601507
0.2690519323372684,0.7643711379968788,0.7652934396833139
0.2724059833496159,0.7633248381501222,0.7642709521733453
0.27576003454520365,0.7623510258949237,0.7632803589576234
0.27911408616374717,0.7613799732437069,0.762266028284137
0.28246813649864166,0.7604225087680084,0.7612468502405648
0.28582218644523893,0.759463658054166,0.7602150273856986
0.2891762367362532,0.7584582608112631,0.7591323748076383
0.2925302873490477,0.7574331105243394,0.758030150842897
0.2958843373935405,0.7564075992101102,0.7569300490006927
0.2992383870200934,0.7553872933095962,0.7558355681756374
0.3025924367098765,0.7543510927637579,0.7547276185845129
0.3059464867694671,0.7533139670128398,0.7536215793263847
0.30930053909320404,0.7522572431079305,0.7525007048996755
0.31265458825448994,0.7511879996517616,0.7513698253011752
0.31600863310406657,0.7500894814434127,0.7502141653699114
0.31936268068793217,0.7489446835914513,0.7490170248881001
0.3227167308008982,0.7477850002323577,0.7478102599169617
0.32607078010095863,0.746655391563211,0.7466363173769888
0.32942482892051095,0.7455369677193192,0.7454744242450145
0.3327788776873611,0.7443861010166127,0.7442824680512771
0.3361329277645173,0.7431889024836029,0.7430469509727886
0.3394869768580473,0.7419614766923969,0.7417860381778364
0.34284102589607557,0.740706967938245,0.7405003030774839
0.34619507538363137,0.7394619699875703,0.7392268095832688
0.3495491248152503,0.7382148675361453,0.7379512207172756
0.3529031746597775,0.7369569013336857,0.736668238501638
0.35625722428992357,0.7356891635902805,0.7353751426773145
0.35961127384111763,0.7343905770367044,0.7340555564263503
0.3629653224441012,0.7330661306527785,0.7327124080810166
0.3663193725579085,0.7317177878318025,0.7313488905005818
0.369673422666575,0.730337746577571,0.7299547967311312
0.37302747329624747,0.7289476147553707,0.7285522796575501
0.37638152436834,0.727551606277934,0.7271448928826416
0.3797355755168305,0.7261393591076815,0.7257222630393569
0.3830896264742874,0.724709866360634,0.7242837592741009
0.3864436778450953,0.7232463251362856,0.722813107563365
0.3897977312947955,0.7217569608256718,0.7213179956752955
0.3931517837332099,0.7202752905747775,0.7198317332014407
0.3965058358498227,0.7187872885805645,0.7183382040706219
0.3998598884227938,0.7172746651599404,0.7168219904826479
0.40321394189728255,0.7157374523436371,0.7152828268164624
0.40656799530819154,0.7141665082996808,0.7137108991925416
0.40992204940154,0.7125856202384134,0.7121307558855551
0.4132761047629963,0.7109908010738011,0.7105368751531902
0.41663015968957184,0.709404266598059,0.7089511091009405
0.4199842150116627,0.7078100122338711,0.7073574688044572
0.42333827000951285,0.7061990293820133,0.7057491122077791
0.42669232644646743,0.7045737311672954,0.7041267862110937
0.43004638313920485,0.7029495541950198,0.7025077471892679
0.43340044012719586,0.7013350978065134,0.7008965706883856
0.43675449682621675,0.6997051013554568,0.6992737199173202
0.4401085547008491,0.6980429932780428,0.6976170545889403
0.443462614481093,0.6963692534279944,0.6959536259815752
0.44681667266461333,0.694708651946088,0.6943008989654879
0.45017073186922063,0.6930501406058601,0.6926502666470051
0.4535247910317477,0.6914029215162588,0.691012298322452
0.45687885242421106,0.6897539442575653,0.6893727207065893
0.46023291293089513,0.6881074774800998,0.6877346766025672
0.4635869729684823,0.6864621984597866,0.6860996444870132
0.46694103402609555,0.6848219572906385,0.6844678574184756
0.4702950924885598,0.6831773549544358,0.6828348023613667
0.4736491550431463,0.6815391781801403,0.6812057687181017
0.47700321747285035,0.6799204093483298,0.6795965462673886
0.48035728084077084,0.6783248587914595,0.6780132243742445
0.48371134361698487,0.6767310417249943,0.6764241465687987
0.4870654068225317,0.6751437437081899,0.6748519355507815
0.4904194709718786,0.6735604273215475,0.6732752741984678
0.49377353512450745,0.6719756070483266,0.6717035481899691
0.4971276003144397,0.6704051912246953,0.6701415046994285
0.5004816653263635,0.6688561057005735,0.6686043085495701
0.5038357323095746,0.6673336381240651,0.6670880420610887
0.507189797663113,0.6658233082094372,0.6655906236750564
0.510543864786878,0.6643163189619745,0.6640877969362894
0.5138979335731809,0.6628216139615142,0.6626074033407051
0.5172519997982458,0.6613354132782969,0.661126044548469
0.5206060669594763,0.6598623759436948,0.6596649515433771
0.523960134165648,0.6584084084427907,0.6582170320891086
0.5273142013594275,0.6569796231987136,0.6567965384870881
0.5306682697963264,0.6555659617818307,0.6553907222168992
0.5340223377019047,0.654173350049594,0.6540010083505212
0.5373764065969759,0.6527989690749528,0.6526372696588354
0.5407304746566631,0.651428469458759,0.6512680198605507
0.5440845434114089,0.6500673327415711,0.6499171031685638
0.5474386130862097,0.6487135619867529,0.6485667098312854
0.5507926820314133,0.6473870038197346,0.6472480234814425
0.5541467514512363,0.6460784404694172,0.6459413707682201
0.557500820778327,0.6447860452855976,0.6446578056459953
0.5608548905657474,0.6434852052862529,0.6433568340840069
0.5642089615928079,0.6422170311249199,0.6420987765628894
0.5675630319501825,0.6409605258656421,0.6408410593381109
0.5709171020673757,0.6397317282318568,0.6396182398535327
0.5742711724214838,0.6385099501457546,0.6383991140811118
0.5776252430584574,0.6372807960133987,0.6371712289862153
0.5809793143280068,0.6360746303110899,0.6359727970252944
0.5843333851911715,0.6348628644637658,0.6347588832041833
0.5876874563999703,0.6336963882872166,0.6335989039060109
0.5910415278910103,0.6325277645427769,0.6324282254484928
0.5943955993054639,0.6313818564575538,0.6312854186405684
0.5977496712324243,0.6302385466775817,0.6301411937770611
0.6011037424856608,0.6291050618364722,0.6290115179850376
0.6044578146081454,0.6279596691129884,0.6278634291056054
0.6078118868213882,0.6268479875428092,0.6267574882023238
0.6111659587112536,0.6257137643206756,0.6256170447267861
0.6145200310568184,0.6246343093080379,0.6245430712957983
0.6178741035052673,0.6235324428879306,0.623433729849002
0.6212281759961608,0.6224792499728935,0.6223843145586802
0.6245822483736811,0.6214036165626732,0.6213022647273475
0.6279363207160378,0.6203440397860779,0.620245021333067
0.6312903937425282,0.619266018106336,0.6191636507336669
0.6346444668352038,0.618199772346244,0.6180974627593887
0.6379985393706462,0.6171468169649204,0.6170419904913768
0.6413526126956879,0.6161035872326218,0.6159953762122948
0.6447066855833399,0.6150692306704008,0.6149594669760146
0.6480607591210531,0.6140448259869828,0.6139308238971244
0.6514148324317262,0.6130246025382567,0.6129077988006792
0.6547689058173506,0.6120065413607925,0.6118850724926836
0.6581229795108797,0.6109913099808181,0.6108679242331193
0.6614770526602476,0.6099666684032087,0.6098372017792395
0.6648311254863886,0.6089709638462425,0.608840746996613
0.668185198932005,0.6079387507546943,0.6078038340746853
0.6715392724129682,0.6069576388729047,0.6068197232437397
0.6748933459633956,0.6059538590340713,0.6058106220823815
0.6782474196539754,0.6049624088568136,0.6048147602765773
0.6816014930659429,0.6039811599555821,0.6038298437902935
0.6849555673072649,0.6029741347912989,0.6028175405649397
0.6883096415776293,0.6020095484607579,0.601850461728059
0.6916637154555888,0.6010158272794529,0.6008494354404219
0.6950177891884346,0.6000570204779812,0.5998863719916959
0.6983718626348715,0.599074979886076,0.5988981990053316
0.7017259366148275,0.598089062007102,0.5979083491079966
0.7050800106385775,0.5971163090011428,0.5969313505734998
0.708434084477366,0.596125900327839,0.5959347329522158
0.7117881585138146,0.5951601513807366,0.5949633926931922
0.715142232889792,0.5941948985490646,0.5939975097951286
0.7184963071760295,0.5932302997329039,0.5930192188749924
0.7218503811163927,0.5922757173253677,0.5920630489764568
0.7252044548996657,0.5913093950092033,0.5910913428401768
0.7285585293445946,0.5903253983366173,0.590101396399793
0.7319126038560807,0.5893503879083999,0.5891238626986468
0.7352666781150533,0.5883805746083466,0.588146335344775
0.7386207524143635,0.5874191491457056,0.5871804814851873
0.7419748266762642,0.5864679877127151,0.5862220024666811
0.7453289010412163,0.5855000076973029,0.5852486949883656
0.7486829755372711,0.5845567366056311,0.5842988529165564
0.752037049996988,0.58358783407208,0.5833246161037344
0.7553911244882309,0.5826370713512334,0.5823689591948854
0.7587451987470615,0.5816686154937106,0.5813925906903433
0.762099273167103,0.5806991430724449,0.5804184379920395
0.7654533478326853,0.5797330078378434,0.5794463751645705
0.7688074226052314,0.5787707337185406,0.5784762905887074
0.772161497153674,0.5778266812731699,0.5775267978710318
0.775515571354685,0.5768656998995799,0.5765580796377634
0.7788696458194379,0.5759042182846413,0.5755913363655185
0.7822237207613677,0.5749236740587946,0.574604314985513
0.7855777954529456,0.573964093579033,0.5736401878427649
0.7889318699845083,0.5729946600733555,0.5726629336021647
0.7922859442891784,0.5720438579117757,0.5717060665132849
0.7956400188292407,0.5710702908736889,0.5707262977750588
0.7989940938403768,0.5701090413848094,0.5697584773655728
0.8023481687674924,0.5691415477364526,0.5687857264041237
0.8057022434123886,0.5681660014442828,0.5678029933572395
0.8090563177011701,0.56720897101182,0.5668384197516549
0.8124103922398668,0.5662125340066751,0.5658403181300177
0.8157644674776549,0.5652470766223318,0.5648658364059969
0.819118542493243,0.564249036553079,0.5638627150720403
0.8224726170203588,0.5632948120690734,0.5629032380092022
0.8258266914476159,0.5622961727211063,0.5618977533112988
0.8291807665128381,0.5613097530574079,0.5609057820617848
0.8325348414765334,0.5603075921480158,0.5598991558134603
0.8358889161004649,0.5593017232001998,0.5588900963367165
0.8392429910190161,0.5582984807238981,0.5578777615003586
0.8425970660303169,0.5573001743064683,0.5568773840686972
0.8459511407622228,0.5562990659570025,0.5558698955148202
0.8493052154628847,0.5553023671228727,0.5548662641920765
0.8526592905363877,0.5542679152091492,0.5538317984338954
0.856013365794173,0.5532544244587719,0.5528110289493103
0.8593674406299003,0.5522095929264706,0.5517637349728111
0.8627215151829685,0.5511971659096455,0.5507483226483553
0.866075590052649,0.5501349314782,0.5496827993426258
0.869429665109649,0.5490975509717219,0.5486423972611425
0.8727837398733792,0.5480277539957215,0.5475720437865859
0.8761378149267147,0.5469748709909642,0.5465143584232112
0.8794918902359558,0.5458994923024654,0.5454374008303486
0.8828459650847051,0.5448378218046234,0.5443750514889681
0.8862000398310561,0.5437359355019599,0.5432728118689342
0.889554114890557,0.5426177075113512,0.5421558923595152
0.8929081898786956,0.5415080331855511,0.5410447062677902
0.8962622645169709,0.5404163080311197,0.5399538557538788
0.8996163392316159,0.5392974434875851,0.5388372067346751
0.9029704145693724,0.5381420901795456,0.5376838556416855
0.9063244894685046,0.5369972519532549,0.5365428073883385
0.9096785640649495,0.5358451062197994,0.5353917970562998
0.9130326393526454,0.5346750458992461,0.5342289135910278
0.9163867147701448,0.5334718452105182,0.5330295627949289
0.9197407897729224,0.5322931204810455,0.5318594235164975
0.9230948650864242,0.5310800578897026,0.530650713302419
0.9264489399799964,0.5298975595030613,0.5294770152344295
0.9298030149415402,0.5286513185885486,0.5282386532495309
0.9331570901490024,0.5273985269064082,0.5269962263111708
0.9365111649524448,0.5261764470384037,0.5257880968084284
0.9398652398947126,0.5248578633479908,0.5244770070491988
0.9432193145347445,0.5236235874797196,0.5232579524555517
0.9465733895915063,0.5223021222743582,0.5219469004792996
0.9499274643024683,0.521032477793185,0.5206881123147022
0.9532815384714416,0.5197369370743143,0.5194069196200237
0.9566356135427511,0.518412010400707,0.5180938772558906
0.9599896877270676,0.5171091742979451,0.516808508423506
0.9633437624537406,0.5157944199111867,0.5155087802934702
0.9666978370880278,0.5144591649843285,0.5141928292502426
0.9700519118751221,0.5131510527183203,0.5129046566353119
0.9734059864429331,0.5118648965691253,0.5116356274902083
0.9767600613418772,0.5106388643710587,0.5104277671168862
0.9801141362638567,0.5094467735002003,0.5092460604570249
0.9834682110904895,0.5084115116038288,0.5082193492805637
0.9876461986365299,0.5082341872860849,0.507956194310489
0.9884701324565289,0.5078340779122064,0.5075592430581624
0.989294064208561,0.5079969903321923,0.5076752424904349
0.9901179217033507,0.5084903968551023,0.5081040106089922
0.9909416010972841,0.5085924493430896,0.5082146570307691
0.9917651247178604,0.5070501937434098,0.5068370425321428
0.9925885438109598,0.5044870720103114,0.5045164944900219
0.99341187623436,0.5021656118919444,0.5023954995965894
0.9942351729968462,0.5004616118350697,0.5008423853450524
0.9950585004782001,0.49960697468575443,0.5000990720934715
0.9958819022184909,0.4997582373589878,0.5002931249664265
0.9967053906480788,0.5004272169076092,0.5009395415824263
0.9975289589943589,0.5005829777942783,0.5010922956547914
0.9983525528447664,0.4996654627357524,0.500187236424247
0.9991762680875044,0.49773663726805034,0.4983000806700468
1.0,0.4956389544095295,0.4962646270148286
