s,inc_-2.0,inc_+0.0,inc_+2.0
1.0,0.4948851188728731,0.4939394286696678,0.4934019476535334
0.9991763555880849,0.4948235399934698,0.4939502075114749,0.493478061809973
0.9983527340995095,0.49655625054552743,0.495801831383455,0.4954782244960629
0.9975292237765837,0.4980828700780729,0.4973769598856803,0.4971577197683834
0.9967057478739336,0.4992045755741242,0.49850810448135824,0.4983048680323598
0.9958823581786349,0.49925659740177614,0.49854780380676433,0.4982797206553248
0.9950590695411862,0.49849706188514953,0.4977383667598448,0.4974182205146218
0.9942358813143564,0.4976955698534084,0.4968672570726953,0.49651236777224306
0.9934127601593175,0.49763370433394977,0.4967667364329343,0.49640065021119706
0.9925896357500437,0.49949385620433334,0.49869299243754844,0.49838247026378213
0.991766438134779,0.5052007194244056,0.5045545152812542,0.5043586370482687
0.9909431306460653,0.5150251160334907,0.5144407086428919,0.514308669510035
0.9901197069258907,0.524056328572767,0.5233957295212223,0.5232340147467727
0.9892961978074488,0.5240529304259528,0.5233171381076023,0.5230947098055971
0.988472512104217,0.5171298735074645,0.5163626391037409,0.5160917102496144
0.9876487251903967,0.515093386271146,0.5143328438905966,0.5140426623352925
0.9834708899442312,0.4858041732823828,0.4850568995392938,0.4847091228675438
0.9801168333241166,0.4765730076684691,0.47584423666378184,0.47549802755205783
0.9767627765117172,0.4679608908869856,0.46725072054324224,0.46690244496171707
0.9734087202255364,0.4614152852732124,0.4607243141009428,0.4603843654112583
0.9700546637373042,0.4555884788469943,0.45491442290525375,0.45458044040077883
0.9667006078662461,0.45058559169952267,0.4499291525266199,0.4496030123782201
0.9633465512014678,0.44595674045277417,0.4453162657531715,0.44499915594458245
0.9599924954605622,0.4417721222120823,0.44114828560435254,0.44084020486800707
0.9566384392390317,0.43791606682544965,0.4373078142900812,0.43700915062543655
0.9532843827443993,0.43424648315634123,0.43365317723029456,0.4333639724544544
0.94993032642866,0.4307901350334314,0.43021285176635354,0.4299334049012671
0.9465762699658371,0.4275265673578121,0.42696341183402886,0.4266935528623181
0.9432222133382049,0.42440039286888026,0.4238520287864019,0.42359221795006013
0.9398681565359996,0.42140489954733057,0.4208713578439677,0.4206208298119289
0.9365141002644194,0.4185359246262818,0.4180153530406564,0.4177748354298819
0.9331600436752212,0.415734605016819,0.4152291460476554,0.41499841856693337
0.9298059870615001,0.41300858178786576,0.4125152399453855,0.4122938434228098
0.9264519308260234,0.4103927875436333,0.409913343015955,0.4097022160110363
0.9230978742636998,0.40785525277373524,0.4073883427966601,0.40718654356873685
0.9197438178414926,0.40536943645292683,0.4049147675231889,0.4047232367577584
0.9163897615205466,0.40292561250153736,0.4024834525372183,0.4023011069903166
0.9130357050071806,0.40052976498666537,0.4000997082130012,0.39992751293463213
0.9096816486460259,0.398194077245625,0.39777612477863317,0.39761302870022935
0.9063275921378143,0.39591008848925346,0.3955036155919267,0.3953501525229773
0.9029735356434265,0.39366330577087605,0.3932682866279433,0.39312439175246533
0.8996194794200522,0.3914456282586586,0.39106249396334847,0.39092736919246907
0.8962654223786702,0.38925198387682186,0.3888792359327341,0.38875390813315414
0.8929113659097055,0.38711126749514685,0.38674995901507003,0.38663400282598315
0.8895573098573999,0.3850311757087759,0.3846801008141267,0.3845731552737811
0.8862032535690886,0.3829674115257898,0.38262726862651225,0.3825296738866269
0.8828491971040434,0.3809063222941557,0.38057755021861667,0.38048830537377665
0.8794951410116519,0.3788768880297553,0.3785564242405841,0.3784785884315731
0.8761410851467364,0.37689020556022684,0.3765847558309617,0.3765115273140117
0.8727870289964236,0.3749181494890386,0.3746173931084179,0.3745582402913167
0.8694329722998781,0.3729488399755042,0.3726633882018951,0.37260832681384976
0.8660789162908842,0.37100653501496555,0.37072724873666624,0.3706847413534874
0.8627248607753201,0.3691089916033749,0.3688420719615989,0.36880594009555107
0.8593708044772415,0.367238610203704,0.3669802766338368,0.366954323713475
0.8560167481373189,0.36538213549726495,0.36513368535670654,0.3651159750739644
0.8526626922981235,0.36353293392920105,0.36329452263044487,0.36328605321797425
0.849308636332321,0.3616933102181759,0.3614638266237977,0.36146381653384424
0.845954580120884,0.359863447538019,0.35964372518944504,0.3596528545924181
0.8426005243289676,0.3580617852974348,0.35785141511735563,0.35786855360656017
0.8392464686236052,0.35628890930572554,0.3560873872405384,0.3561136522146309
0.8358924126082216,0.35453435031394803,0.3543424728276558,0.3543766457033149
0.8325383565413692,0.3527928430243941,0.35260938440764406,0.3526521391149029
0.8291843007489735,0.35106336377651554,0.35088961356361764,0.35094033948928366
0.8258302449943415,0.34934763656715606,0.3491822464500708,0.3492413453326185
0.8224761891221798,0.347644763022316,0.3474887355875847,0.34755560163288096
0.8191221334000162,0.345954883642459,0.3458075319704429,0.3458825784770662
0.8157680774644116,0.3442789824223842,0.3441402434711615,0.34422264339917463
0.8124140216592354,0.34262172946545427,0.3424917051172435,0.34258227468785885
0.809059966252352,0.3409872792239993,0.340865849013499,0.3409636944139166
0.8057059107335339,0.3393687040500894,0.33925553470361025,0.3393615532578856
0.8023518547953278,0.3377531242503673,0.3376487152546123,0.3377620391851117
0.7989977988335688,0.33614184951711146,0.3360458255149654,0.3361669918334976
0.7956437434680065,0.3345441436506616,0.334456842075619,0.3345850859881503
0.7922896880306444,0.33296440528258453,0.3328852952643081,0.33302119813295095
0.788935632483947,0.3314004616737483,0.3313303177436991,0.33147283513358156
0.7855815767932782,0.32984907918284007,0.3297868061684636,0.3299370072314412
0.7822275208046776,0.32831018688370006,0.32825636810005726,0.3284136362910349
0.7788734655380879,0.3267869475488336,0.32674148459732244,0.3269054030425238
0.7755194106496043,0.3252808999793148,0.3252433419402951,0.3254154748341183
0.7721653554480303,0.3237873053471006,0.3237576978906287,0.3239354313576414
0.7688112997672568,0.3222980663915055,0.32227638314016294,0.322463013267178
0.7654572438001663,0.3208149522798698,0.3208006308773359,0.3209928749011566
0.7621031894046134,0.3193445516468393,0.3193383503428989,0.3195378604463735
0.7587491346799143,0.3178919042263584,0.3178925804381834,0.3180985942471078
0.7553950793105125,0.31645624194120825,0.3164648765082008,0.31667713729911035
0.7520410239841533,0.31503731428141973,0.3150531471792265,0.31527176192932904
0.7486869691308589,0.31363478685584123,0.31365794225789717,0.31388258493551885
0.7453329142549294,0.31224017169593926,0.3122707559965738,0.31250144477653996
0.7419788588267572,0.3108468931661634,0.3108853427176573,0.3111211380984664
0.7386248035135927,0.3094584450756052,0.30950433774790037,0.30974548240211014
0.7352707486454766,0.3080889408163373,0.30814256722883954,0.30838860714976746
0.7319166940484028,0.3067428525047262,0.3068040922991447,0.30705491404167057
0.7285626392484927,0.30541162647418757,0.30548091632029467,0.30573674697630765
0.7252085840404394,0.3040844136237369,0.30416086639091944,0.304421668273568
0.721854528942604,0.3027598816592447,0.30284458890197363,0.30310966076047563
0.7185004741324964,0.301447329708944,0.30153866560534,0.30180898733219763
0.715146419449919,0.3001518962692028,0.30025050671185144,0.3005249222699729
0.7117923646729487,0.29887202626865617,0.2989772998523522,0.2992570715498549
0.7084383097974508,0.2976070040706908,0.29771976313916554,0.29800360596054154
0.7050842547941846,0.29635558540953144,0.29647496933401857,0.2967642136568584
0.7017302001797772,0.2951165332975624,0.2952433414187547,0.2955365422140674
0.6983761456494051,0.2938872717268288,0.29402211341042084,0.2943201395440641
0.6950220910231947,0.29266862969005336,0.29281042959917053,0.29311254905616235
0.6916680366086947,0.2914590415976967,0.29160889889040537,0.2919153325921885
0.688313981943537,0.2902585797163609,0.2904158462661337,0.29072631997717757
0.6849599272886716,0.28906915895118585,0.28923316407944827,0.2895478543976518
0.6816058730978107,0.28789613490420024,0.2880675494131164,0.2883859703324234
0.6782518198716992,0.2867429556878535,0.2869205570882345,0.2872434358175511
0.6748977656636259,0.2856042966939341,0.2857890229699274,0.2861155432853662
0.6715437108977288,0.2844720644902008,0.2846627973544043,0.28499346728511604
0.6681896551187324,0.2833448121575163,0.2835423307708963,0.2838767890396381
0.6648356005199335,0.2822295950013138,0.2824326515135082,0.2827702025407306
0.661481546432586,0.2811316813747943,0.2813416051811032,0.2816826965155523
0.6581274924445647,0.28005071437376416,0.28026632477298086,0.28060986918336384
0.6547734380141902,0.2789801229578374,0.2792034762557647,0.27955016713177283
0.651419383484947,0.27791644990748016,0.2781483227768985,0.27849645657071614
0.64806532925822,0.2768611128361964,0.2771026116099118,0.2774535434219023
0.6447112753273192,0.2758152962040573,0.27607005696788744,0.27642175997795965
0.6413572213597005,0.274781382779666,0.275048495068209,0.27540433157163835
0.6380031671597503,0.2737566825378297,0.2740403260094791,0.27439905000009507
0.6346491132090369,0.2727436066983597,0.27304150795120413,0.27340674426249617
0.6312950593127906,0.271740119029345,0.27205424549470253,0.27242766065388363
0.6279410055208654,0.270746698385136,0.27107531156381165,0.27145919955442765
0.6245869516031151,0.26976065870638755,0.27010354232045414,0.2705010199058826
0.6212328971745915,0.26878341422482266,0.2691400108401938,0.26955280871275417
0.617878843365698,0.2678163799070767,0.26818607033041186,0.2686166446755268
0.6145247896959313,0.26686187819313734,0.2672435703348088,0.26769384892102377
0.6111707358816211,0.26591734921158994,0.2663122189667538,0.26678273320619145
0.6078166821186729,0.26498440473267754,0.2653901180573838,0.26588232147106816
0.6044626282458344,0.26405897742786305,0.26447765185435435,0.26499084010121426
0.6011085744558597,0.2631456750546468,0.263575210276692,0.26410933163505185
0.5977545210018579,0.26224263237406836,0.2626846795385939,0.2632383375975781
0.5944004672388062,0.2613519715922614,0.2618044818610409,0.26237767254261574
0.5910464134250344,0.2604711995371582,0.26093661545811153,0.2615269498363664
0.5876923597993394,0.2596010038277665,0.2600765428127804,0.26068502359901086
0.5843383064138986,0.2587393288214052,0.25922839323105856,0.2598499278356356
0.5809842531769852,0.25788517911134357,0.2583845585165882,0.2590201245376071
0.5776301992667987,0.2570320935215174,0.25754452610996564,0.2581920987839211
0.5742761446526476,0.2561872138056963,0.25671144969691856,0.2573704481481387
0.5709220914494277,0.2553582740950306,0.2558948646896697,0.2565658102533054
0.567568039256666,0.25455130823547406,0.25510038465934565,0.2557795782832778
0.5642139860364922,0.2537557268016528,0.2543177409666745,0.2550066867221966
0.5608599318742956,0.2529631549654319,0.2535364801577863,0.25423405091202217
0.5575058778696504,0.2521677539528657,0.25275373020436503,0.25346300249128245
0.5541518243498239,0.25138137843149433,0.2519795345014698,0.2527005849249566
0.5507977718804565,0.25060711753951537,0.25121737745210027,0.2519506006979878
0.5474437187517155,0.24984596757521776,0.2504685658443446,0.25121501627789644
0.5440896649983672,0.24909453568238288,0.24972792340974242,0.2504879995777365
0.5407356114582029,0.2483516474195658,0.24899641741052211,0.24977060108446414
0.5373815584313409,0.24761672201802712,0.24827260247000105,0.24906134624510173
0.5340275052883742,0.2468877396409471,0.24755686838024635,0.24835795750021952
0.5306734518519091,0.24616469920581438,0.2468468901052482,0.24766047561524432
0.5273193984449701,0.24544731784183657,0.2461436836536076,0.2469692133788324
0.5239653453010554,0.24473975157602618,0.245451257860537,0.24628926438102214
0.5206112924011816,0.24404045529667606,0.24476738856920138,0.2456173115094811
0.517257239421767,0.243349614255843,0.2440917774683453,0.2449536776728428
0.51390318555958,0.24266367148378187,0.24342042538509964,0.2442941246442077
0.5105491309319123,0.24198391611579484,0.24275508903269363,0.24364119807071813
0.5071950776507729,0.24131407616762413,0.24209909905861635,0.2429979348769585
0.5038410260559602,0.24065621668878193,0.24145633046362958,0.2423674404417474
0.5004869743437609,0.24000828562300963,0.24082247828747083,0.2417469693833762
0.4971329212397214,0.2393603070079497,0.2401897470290317,0.24112650216399134
0.4937788677580642,0.2387111367276997,0.23955446218363421,0.2405063515575189
0.49042481454770037,0.23806521411547008,0.2389238053456055,0.23988886058706152
0.48707076179676073,0.23743242617742488,0.23830584105300953,0.23928658591441326
0.48371670949674256,0.23681223758523617,0.23770075820923825,0.23869581985741328
0.48036265637059866,0.23619742885632417,0.23710182590299475,0.23811176834844278
0.47700860256814526,0.23558271175375683,0.23650162339287317,0.23752816426666204
0.4736545492131788,0.23496887853127962,0.23590555706190316,0.23694516258121026
0.4703004964677681,0.23436377471012043,0.2353158773196977,0.2363724243554051
0.466946443858248,0.23376843080522589,0.23473878549310867,0.23580841738944616
0.4635923911109833,0.23318120437928044,0.23416758062055656,0.23525347518162656
0.46023833807364334,0.23259237689807857,0.23359760343531005,0.23469837669382823
0.45688428495332306,0.23200470963865727,0.23302690398859915,0.2341431023686782
0.45353023199649495,0.23142199866519228,0.23246233244202844,0.2335955363408054
0.4501761795447471,0.23085326120974384,0.23191138954867319,0.23305997357888336
0.44682212708670205,0.23029550730372136,0.23137048731241908,0.23253674115604495
0.4434680741848426,0.22973744898751053,0.23083146804090326,0.23201391979594557
0.4401140211363537,0.22917741882204232,0.23028859475871494,0.2314891499737043
0.43675996821816365,0.22861821943253313,0.2297490791421391,0.2309654451514388
0.4334059158311017,0.22806871054096542,0.22921712740776443,0.23045355347735166
0.43005186373254894,0.22752849077416964,0.2286976634679566,0.229949467602615
0.4266978109273986,0.22699262981579743,0.22817980844225869,0.22945232007462152
0.4233437577040975,0.2264573255926608,0.2276659377042178,0.2289551384446528
0.4199897049868833,0.22592466377047687,0.22715275865798615,0.22846180491282786
0.4166356528677324,0.22539838034894494,0.2266472838217334,0.227975166952864
0.41328160045793316,0.22487815012651305,0.22614792791290667,0.2274953420772368
0.40992754801762016,0.22436547551337163,0.22565637255939047,0.22702311533405137
0.40657349562658085,0.22385733661550605,0.225170168278059,0.2265575037924055
0.40321944345056193,0.2233583627126723,0.2246926069786247,0.22609861355537694
0.39986539111500996,0.22285810176714788,0.22421504062016923,0.22564246735131316
0.39651133864106547,0.22235910874801582,0.22373809340212458,0.22518485465119886
0.39315728615633083,0.22186080267647978,0.22326342794638512,0.22473279493107481
0.3898032342774677,0.2213761623451502,0.22280181928980303,0.22429115026672955
0.3864491824292113,0.22090109174378872,0.22235034809616602,0.22386364478766715
0.3830951303382508,0.2204311455654373,0.22190414653027896,0.22343857853693133
0.37974107808159346,0.21996044675627457,0.2214563790555097,0.22301621929893842
0.3763870259555801,0.21949361320061675,0.22101443180009991,0.22259732258840864
0.3730329742723583,0.21903477447341385,0.22058047199126674,0.22218785393413862
0.36967892262630014,0.21858454774144057,0.22015602049043073,0.22178746927857773
0.3663248707547082,0.21814008894294515,0.2197378124812708,0.22139425060351975
0.36297081873588005,0.21769987639921204,0.21932578633998998,0.22100647211171776
0.35961676683654353,0.21726808310234635,0.2189206907029588,0.22062790995641857
0.356262715639611,0.21684401879772744,0.21852687353784186,0.22025979047079028
0.3529086642838171,0.2164336746802536,0.2181432054019695,0.21990241583353387
0.34955461284745865,0.21602602232846002,0.21776587949782666,0.21955284727480706
0.34620056097694674,0.2156248941859594,0.21739314277781846,0.21920725878671662
0.3428465094013215,0.2152298097671115,0.21702899151875737,0.2188716682728227
0.33949245861355665,0.21484403045951478,0.21667330027574933,0.21854482036874126
0.33613840759038854,0.21446806336458202,0.21632899116936782,0.2182297124738577
0.3327843565126946,0.21409836563530196,0.2159914291095736,0.2179219446966893
0.32943030518053534,0.21373680966929823,0.21566216094154333,0.21762369978683596
0.32607625437401844,0.21338913063176737,0.215348312767029,0.21734147794198624
0.32272220389292666,0.2130622477231599,0.21505439582280628,0.21707899022839466
0.3193681533066918,0.2127434946690072,0.21477015597720378,0.21682832260463172
0.31601410197296087,0.21242274373805617,0.21448427010826912,0.2165757390629192
0.3126600509927503,0.21210662836141583,0.21420483460058143,0.21633071408748358
0.3093060012231682,0.2118128802858717,0.2139477024371687,0.21611042485223722
0.30595195147502546,0.21153677153340078,0.21371036072951088,0.21590708563867317
0.3025979002785507,0.21127030418761972,0.21348140070808572,0.215717108041168
0.29924384940593324,0.21101005771451103,0.2132618437805158,0.2155333079812592
0.2958897992980126,0.210764711396275,0.21305649312610567,0.21536789445611557
0.29253574944165134,0.21053358583194592,0.2128670006587693,0.21521769324039544
0.2891816994929297,0.2103143739847735,0.21269036721245468,0.21508079476643632
0.28582764898884455,0.21010356976168446,0.21252309389669563,0.2149570155233601
0.28247359895530083,0.2099090500248322,0.21237366505450478,0.2148477097402771
0.2791195496744036,0.2097383601107934,0.2122482003403803,0.21476874791474304
0.2757655000898288,0.20958323179942112,0.21213934312673938,0.2147019981604514
0.27241144925772404,0.20943074240021387,0.2120342820998891,0.21464514771801468
0.2690573992771475,0.2092904301646544,0.21194308047434404,0.2145997614453931
0.26570334968811204,0.20917078125806696,0.21187344755891271,0.21458004387460042
0.26234930000531403,0.20906727379404913,0.211821544823531,0.21457703988658036
0.2589952499925297,0.20897267504064548,0.2117797159654604,0.2145868072055354
0.25564120017792985,0.20889223856155348,0.21175362657957622,0.21461349256313966
0.2522871507206762,0.20883402757044026,0.21175080585566836,0.21466359337953625
0.2489331011882713,0.20879087197588855,0.2117645569507992,0.21473387908591585
0.24557905115599768,0.20875425849463536,0.21178657732125955,0.21481056732306575
0.24222500136275416,0.20873418521917766,0.21182606842120646,0.2149107717954378
0.23887095203987765,0.208736867186448,0.21189198930203426,0.21503395132991385
0.23551690239225817,0.20875343554577044,0.21196924707097814,0.21517535406191285
0.23216285156365424,0.20876711904829992,0.21205222853708794,0.2153188277040496
0.22880880214528118,0.20880219099602665,0.2121511572218199,0.21548688815922826
0.22545475302759355,0.2088573119853711,0.21227806947434966,0.21567939621716387
0.2221007032854385,0.20893190421053737,0.2124228534277173,0.21589343083481508
0.21874665366355694,0.20902189269702967,0.21258510766223485,0.21612772578678022
0.21539260370558053,0.2091227922523586,0.21276167675136168,0.21637632291912773
0.21203855386948892,0.20923411770544798,0.21295110124419314,0.216640849015732
0.2086845039196199,0.20935829684471147,0.21315472201256064,0.21692287183935133
0.205330453840706,0.20949694976558383,0.21337743303923806,0.21722426090724056
0.20197640395951139,0.2096529566710027,0.21361827103068148,0.21754768433770313
0.1986223535252572,0.20982409740122124,0.21387825213608838,0.21789200709687437
0.19526830370605247,0.21000897508317753,0.21415381600044386,0.2182551359515208
0.19191425332422604,0.2101987391235545,0.21443806563234868,0.21862986127918174
0.1885602024270157,0.21039705236369657,0.21473278472721355,0.21902108540734885
0.18520615239761976,0.21062337122483676,0.2150596648407296,0.21944348932922586
0.1818521018873188,0.21086627665678706,0.21540692496497832,0.2198914749126475
0.1784980510146115,0.21111573145851256,0.21576436071334912,0.22035113088436026
0.17514400024640164,0.2113606795269525,0.21612267525326623,0.22081651586536016
0.17178994770671,0.2116027807072276,0.2164837761252069,0.2212895754195975
0.1684358974730032,0.2118866951487683,0.21689055193146942,0.22181153007946963
0.165081847462052,0.21219173408760547,0.2173213516160741,0.2223604230653628
0.16172779499239864,0.21246352595337253,0.21772587331419174,0.2228899478542151
0.1583737435711613,0.21274255714533444,0.2181416819512159,0.22343516630953206
0.1550196925155424,0.2130435208854356,0.2185882502838947,0.22401640546311782
0.15166563950794226,0.21334967239522565,0.2190417663785103,0.22461139356898
0.14831158816724668,0.21364743208215498,0.21949955979892774,0.22521430382204619
0.14495753556274688,0.21392476079698,0.2199382526233439,0.22580923547853607
0.1416034833488699,0.21420573493382247,0.22039364028015995,0.22642454900233844
0.13824943375397045,0.2145065006493721,0.22087417770147844,0.227074607640403
0.13489538039530002,0.21477481871524925,0.2213318658432662,0.22770909346374732
0.13154132645896785,0.21500899544989197,0.22176549436042395,0.22832880964306307
0.1281872732007712,0.2152361952324098,0.22220166166640495,0.22896241153620345
0.12483321900815975,0.21543857254124887,0.22262585442589927,0.22959216449661932
0.12147916460896818,0.21560783248731807,0.2230266865257277,0.23021311341270462
0.11812510997504658,0.2157549496752475,0.22342050049075887,0.23083505315970376
0.11477105521762718,0.21586017020772943,0.2237834016224626,0.23144332435458806
0.11141699961721178,0.2159004829201256,0.2240981200795848,0.23201345984014163
0.10806294434576433,0.21588399444265052,0.2243713912012854,0.23256178160696425
0.10470888866782273,0.21581689810526972,0.22461084128030337,0.2330889553057587
0.10135483212171033,0.21566927607689182,0.22478986215781094,0.23357734026556595
0.09800077607378185,0.21545059722944043,0.2249166771616566,0.23402889240349195
0.09464671975497792,0.21513898675628787,0.22497208301374727,0.23443451879219102
0.09129266322824109,0.21471431736546534,0.22494026224660998,0.2347708427431675
0.08793860637001266,0.21415927680888544,0.22480113274277677,0.23503014049172313
0.08458454961394396,0.21347226283119541,0.22456251991035683,0.23521236672732718
0.08123049260184245,0.2126377289098467,0.22420421134828475,0.23530908371939968
0.07787643561675127,0.21163583951266957,0.22371659482604317,0.23530810474770877
0.07452237850963828,0.2104245038888043,0.2230567094860484,0.23517110168124816
0.07116832169090223,0.20896028085682036,0.2221821273323312,0.23486148554542588
0.06781426477351223,0.20723946790421752,0.2211116192922713,0.23440048388188012
0.0644602075012175,0.20524928254650568,0.2198033287442458,0.23375402505410758
0.06110615159301829,0.20282697554859264,0.21815041711222521,0.23281987827616346
0.05775209553746683,0.2000639198843609,0.21619623927579937,0.23165190757688234
0.054398040236816464,0.19677639701725771,0.21382548398102358,0.2301362872775173
0.05104398689759875,0.19293063945395986,0.2109458346162513,0.2282112712617711
0.047689933949432564,0.18841524774746857,0.20755536099889674,0.22585272275334728
0.0443358861178143,0.18309974173382382,0.20340520265260312,0.2228796457027694
0.04098184088694756,0.17675264901506815,0.19843966681601188,0.21918933232673643
0.037627802185114585,0.1692649988091979,0.1924164082554004,0.21464805945714174
0.03427377320254567,0.1602328553535527,0.18506284064510198,0.20889858345989812
0.030919757739985485,0.14927940655736321,0.17599261836325994,0.2017716083099537
0.027565764664830145,0.13640318090231085,0.16505967983108877,0.19285006597925614
0.024211812540895248,0.11857752690872238,0.14992503124645404,0.1805956001338504
0.02085792434288317,0.10327002504301858,0.13594374150528704,0.1686432641017597
0.01750416028513208,0.05697598756476491,0.09748124972651948,0.13666640991550505
0.013266822899822901,0.05543992850536928,0.0769554640074868,0.11207812186683619
0.012382272157644883,,0.03907306156302671,0.09217303816955848
0.011497724911380259,0.024771485357845225,0.0436758655694713,0.08581743363554116
0.010613185026871402,0.01787334086018884,0.01412382368560471,0.06833744327664522
0.009728649810832338,0.049946861671253104,0.016158687324373974,0.056408314073648484
0.00884412273755904,0.0695756137762376,0.012288873987854701,0.03718720606956718
0.00795960572968996,0.09465486928628773,0.035974807462007305,0.01921351255012593
0.007075101211780789,0.12060792247269873,0.057685237245543884,
0.006190612492976929,0.1500001904450009,0.0839127394963029,0.0176525697210372
0.005306144351440654,0.18246778429279156,0.11278805320962795,0.04531424865153546
0.004421702165067438,0.21895946078593798,0.14552353496777362,0.07526529991613179
0.0035372914628747924,0.2594490322782653,0.1817725921812644,0.10786202849220743
0.0026529175664329907,0.30453263527036756,0.2220694952359261,0.14408641200218208
0.001768597063802909,0.3529614486322187,0.26520799674361833,0.18286222927422682
0.0008842788662753254,0.40847018480733877,0.31543080386724326,0.2290155333634946
0.0,0.45965849977596535,0.3598971940847998,0.2683207034094576
0.0,0.5890912075225874,0.4742116487669718,0.3719074434197346
0.0008837492984536739,0.6434297574123509,0.5223659478606326,0.4163720170344955
0.0017675829339045743,0.7042502742853647,0.5753357990736339,0.4645814314122397
0.002651454113911014,0.7505735820061532,0.6153752220559088,0.5015958957092044
0.0035354347451318144,0.7826071184188302,0.6436914282670729,0.5288079052713379
0.004419484869065504,0.8057107478556368,0.6651397018112142,0.5503683583971353
0.005303588174087313,0.8220379183830147,0.6811463219325182,0.5671630375840794
0.006187731770518519,0.8328494277685997,0.6926420649322331,0.5799894382029294
0.007071904553020373,0.8396441147052869,0.7008992672480706,0.5899384385064935
0.007956097669561896,0.8436734368501352,0.7068780113482305,0.597794638630612
0.008840305338153361,0.8458433950924541,0.7112668711275836,0.6041179505705229
0.009724524443397286,0.846468670534118,0.7142366232953521,0.6090628823124425
0.010608752454272207,0.8462847450315256,0.7165174678934605,0.6132907235347247
0.011492985075905265,0.8455044025693079,0.7179231872005265,0.6164815858102357
0.012377225445992443,0.8435765406347776,0.7188376875541205,0.6195505412390396
0.0132614685530071,0.841445008432087,0.7188815376666045,0.6211885689448992
0.017498518868525718,0.8192450879313381,0.7077020169874783,0.6182750079550293
0.020852278209795197,0.8191317739810383,0.7148173244073067,0.6303380847858666
0.02420615422642089,0.817516897489651,0.7168443600104053,0.6352300461792835
0.02756009400779159,0.8133335183048406,0.716123713964447,0.6374638374754479
0.030914059567194167,0.8095463974424121,0.7161028581426161,0.6402612670309468
0.03426806237419441,0.8069348105893795,0.7166372196803755,0.643107322072825
0.037622074406040595,0.805230018038134,0.7175132435622984,0.6459806178621263
0.04097610105370562,0.8039469183595355,0.718538568638613,0.648823041247406
0.04433013462329141,0.8030506356518563,0.7197301890864704,0.6516480564654
0.04768417458986325,0.8025595369388596,0.7211508522622447,0.6545422142253927
0.0510382188043544,0.8024299202086993,0.722739461378443,0.6574608809739398
0.054392265615654266,0.8025993346582548,0.7244591099806769,0.6604040932204963
0.057746316789758306,0.8029821624650154,0.7262738134624769,0.6633407825562809
0.06110036880226907,0.8036030553967457,0.7282297590750267,0.6663511458866037
0.06445442238003289,0.8043701607394473,0.7302682260234521,0.6693684704724149
0.06780847819099559,0.8052425985743397,0.7323204373069547,0.6723364549845414
0.07116253409559135,0.8062539153415881,0.7344391884695353,0.6753437105363898
0.07451659016488928,0.8072553601161538,0.736518521148809,0.6782666488707042
0.07787065022158221,0.8082640145136624,0.7385635432872657,0.6811293833870226
0.08122470854379374,0.8094642361867077,0.7407640901549676,0.6840965736319413
0.08457876686828499,0.8106858193819122,0.7429536581807883,0.6870383982267413
0.0879328271127814,0.8117861219692363,0.7449971682588136,0.6898264316199487
0.09128688677302003,0.8128977131701772,0.7470520783208403,0.6926010746435546
0.0946409467540847,0.8140534769303922,0.7491469904779222,0.6954057077907776
0.09799500716799098,0.8151782300158753,0.7511912644409596,0.6981492267185865
0.10134906693389263,0.8162474937136204,0.7531602890409209,0.7008141114532818
0.10470312801850336,0.8172432327446456,0.7550517968335216,0.7033967820531737
0.10805718865556994,0.8182024793131609,0.7569120876133415,0.7059470985445478
0.11141124943492517,0.8191367519015529,0.7587496640070313,0.7084746406380852
0.11476531097524008,0.8200193382742791,0.7605388801716145,0.710961505195619
0.1181193713270127,0.82082892902464,0.7622515218970394,0.7133636504573282
0.1214734320798898,0.8215470192707776,0.7638563513229639,0.7156585018960409
0.12482749333765752,0.8221596697937998,0.7653819672242318,0.7178858057676368
0.1281815541258613,0.8227175686033367,0.7668823632950988,0.7200777890354708
0.13153561406040873,0.8232361687033912,0.7683315376806643,0.7222300146633387
0.13488967483183978,0.8236668587944524,0.7696831973108434,0.7243030336521811
0.13824373577510365,0.82398587887054,0.7709446562005832,0.7262815978867403
0.14159779588060628,0.8242342862613106,0.7721296907911004,0.728193814698448
0.14495185598806998,0.8244064763017083,0.7732462947742738,0.7300376807176311
0.14830591613346814,0.8244891043131792,0.7742869186803228,0.7318129971583707
0.1516599762750273,0.8244933226963727,0.7752501815711815,0.7335102106199908
0.15501403604308833,0.824404293085182,0.7761313555800232,0.7351436512870755
0.15836809541859306,0.8242454580132187,0.7769330501465355,0.7366961989153555
0.16172215443718935,0.8239843976754299,0.7776417238743752,0.7381691128313438
0.1650762141695946,0.8236590168658153,0.7782797745005035,0.7395622837024495
0.16843027386223156,0.8232760276961906,0.7788514765418175,0.7409000829716659
0.1717843323334154,0.8228036610979744,0.7793397067120829,0.7421703592163355
0.17513839086748295,0.822260059631204,0.7797503504118972,0.7433509255358545
0.17849244935947572,0.821643847971397,0.7800802996055497,0.7444503964974073
0.18184650787824547,0.8209782458130422,0.7803504511477735,0.7455024801898578
0.1852005624171088,0.8202680851602338,0.7805502262126811,0.7464836869329141
0.1885546175508626,0.8194867218239965,0.780665533372895,0.7473695983291233
0.19190867592812752,0.8186218063783509,0.7806834233364308,0.7481593482390411
0.19526273833412838,0.817726321783782,0.7806447740394364,0.7488973032165409
0.19861679700603813,0.8168359717542842,0.7805805183013547,0.7496042728594245
0.20197085306211493,0.815918153202752,0.7804659265680305,0.7502452271647372
0.2053249094614251,0.8149541911604863,0.7802506349331647,0.750786314452864
0.20867896637452285,0.8139569105828968,0.7799666738569041,0.7512533635617371
0.21203302270552868,0.8130082632605444,0.7796623952538467,0.7516936965979301
0.21538707785908556,0.8121403079233196,0.7793404774076009,0.7520933908212504
0.21874113277861887,0.8113484816687221,0.7789565812933158,0.7524236585489412
0.22209518816457008,0.8104728247026113,0.7784953085118881,0.7526637911192314
0.22544924364037863,0.8092284824255279,0.7780019466011738,0.7528537766712102
0.22880329807413222,0.8072958877125743,0.77749949998032,0.7530258495428888
0.23215735170133958,0.8046305426881223,0.7769620599171917,0.7531450761091896
0.23551140575394022,0.8015430245402193,0.7763697383864486,0.7531832792226082
0.23886546023468988,0.7984977314831916,0.7757446666891027,0.7531630619057263
0.2422195142131878,0.795766006205687,0.7751346492599339,0.7531311674089523
0.24557356681530948,0.7933858506706979,0.7745358019296027,0.7530843834002872
0.24892761934701008,0.791267699184972,0.7739173681098551,0.7529720268757006
0.25228167237022553,0.7893185894699568,0.7732658926669339,0.7527849900533761
0.25563572521387556,0.7875131880293404,0.772657673743657,0.7525598087075396
0.2589897772364746,0.7858100317557608,0.7721247565254248,0.7523225097967908
0.26234382922901356,0.7841870854457822,0.7716730006691155,0.752070441159777
0.26569788122488947,0.782610703294353,0.7710647980416886,0.7517875719162412
0.2690519323372684,0.7810473404522327,0.7700988098045009,0.7514745782299656
0.2724059833496159,0.7794768065262472,0.7684649370921598,0.7511260366585651
0.27576003454520365,0.7779029970421314,0.7664221995767085,0.7507411155193899
0.27911408616374717,0.7763559362705121,0.7642046430917178,0.7503502683344745
0.28246813649864166,0.774834851215674,0.762093639006603,0.749959979328383
0.28582218644523893,0.7732949484632605,0.7602154152045388,0.7495445733068788
0.2891762367362532,0.7717239819936184,0.7585467153246626,0.7490918016217523
0.2925302873490477,0.7701451666382505,0.7570757815237315,0.7486198290903099
0.2958843373935405,0.7685890028058816,0.7557647754404982,0.7481539803904292
0.2992383870200934,0.7670526435665103,0.7545670606562132,0.7476989208920783
0.3025924367098765,0.7655203613300634,0.7534263628669892,0.7472475650112235
0.3059464867694671,0.7639885792904904,0.7523367729879085,0.7468074801714012
0.30930053909320404,0.7624584654228939,0.7512638244129638,0.7464235649776273
0.31265458825448994,0.7609253775546089,0.7502031941525126,0.746096632486905
0.31600863310406657,0.7593746607461771,0.74912886425433,0.7457582234665646
0.31936268068793217,0.7578033634019297,0.7480165366644588,0.7451584268643421
0.3227167308008982,0.7562420114069535,0.7468922162566847,0.7440930317165926
0.32607078010095863,0.7547222098377592,0.7457988571970336,0.742554705524905
0.32942482892051095,0.753219969693113,0.7447179273042728,0.7407227955945791
0.3327788776873611,0.7516954566195873,0.7436063648135514,0.7388120808251847
0.3361329277645173,0.7501352682071971,0.7424491430334682,0.7370000492486595
0.3394869768580473,0.7485628267473219,0.7412601761925368,0.7353691116449526
0.34284102589607557,0.7469975450828842,0.7400417461652758,0.7339402706791808
0.34619507538363137,0.7454356754785192,0.7388305066361425,0.732680932274215
0.3495491248152503,0.7438921835190502,0.7376159222401918,0.7315135151506081
0.3529031746597775,0.7423350561999562,0.7363885456127145,0.7304248211567388
0.35625722428992357,0.7408094868956485,0.7351503214181198,0.7293757563348516
0.35961127384111763,0.7392282101539902,0.7338793231926433,0.728324025269081
0.3629653224441012,0.7376812437989912,0.7325830187701311,0.7272652461762141
0.3663193725579085,0.7360904357575072,0.7312608553713914,0.7261684791577306
0.369673422666575,0.7344720319014245,0.7299041598354583,0.7250623437858256
0.37302747329624747,0.7328677819642966,0.7285356406011337,0.7239362310005877
0.37638152436834,0.731257618699853,0.7271592246775777,0.7227981788109765
0.3797355755168305,0.7296518548274935,0.7257656460254505,0.7216396651147016
0.3830896264742874,0.7280312343576844,0.7243540333420931,0.7204501500583748
0.3864436778450953,0.7263945052956221,0.722907147940853,0.7192180033482314
0.3897977312947955,0.7247368162647649,0.7214341700312239,0.7179548760890637
0.3931517837332099,0.7230911761198618,0.7199675723433178,0.716680885064723
0.3965058358498227,0.7214472028656995,0.7184938997317083,0.7153939221031261
0.3998598884227938,0.7197962804628508,0.7169941150827324,0.7140800297430445
0.40321394189728255,0.7180996197151033,0.7154682351124273,0.7127167529575333
0.40656799530819154,0.7164233973557981,0.7139073304988096,0.7113211679208029
0.40992204940154,0.7146849025323879,0.7123347186119442,0.7099031283716658
0.4132761047629963,0.7130123752582229,0.7107471658937927,0.7084547214271368
0.41663015968957184,0.7113037834175928,0.7091667578405788,0.7070056036048512
0.4199842150116627,0.7095919110980303,0.7075779455549567,0.7055464822016921
0.42333827000951285,0.7078814519730717,0.7059719426495193,0.7040581879383131
0.42669232644646743,0.7061633904166844,0.7043516790272825,0.7025484057217026
0.43004638313920485,0.7044432421382137,0.7027324606703813,0.7010346457877014
0.43340044012719586,0.7027417042368118,0.7011229912339566,0.6995248768648481
0.43675449682621675,0.7010308006119305,0.6994974392723584,0.6979922496673726
0.4401085547008491,0.699292097775786,0.6978398418081709,0.6964241718953127
0.443462614481093,0.6975507094511748,0.6961691693880989,0.6948355540574618
0.44681667266461333,0.6958252973793485,0.6945118436199047,0.6932491216580685
0.45017073186922063,0.6941028284237692,0.6928561833586803,0.6916719264954568
0.4535247910317477,0.6923951932291057,0.6912109491648158,0.6900896069263313
0.45687885242421106,0.6906849657662414,0.6895633426530317,0.6885047246497922
0.46023291293089513,0.6889893288757285,0.6879182500425632,0.6869170993926706
0.4635869729684823,0.6872889205039231,0.6862735973258813,0.6853295138289451
0.46694103402609555,0.6856068736594819,0.6846340873169819,0.6837388809015242
0.4702950924885598,0.6839115294835162,0.6829893583783286,0.6821436150926905
0.4736491550431463,0.6822465923592752,0.6813515457394713,0.6805510177074585
0.47700321747285035,0.6805644584931263,0.6797330296860442,0.6789756166765502
0.48035728084077084,0.6789521297786816,0.678136680775642,0.6774192990346559
0.48371134361698487,0.677322409621692,0.6765450144403394,0.6758684717672292
0.4870654068225317,0.6756933508659878,0.674955892507151,0.674315106614143
0.4904194709718786,0.674082345471441,0.6733740128225248,0.6727612254965083
0.49377353512450745,0.6724746301255498,0.6717883166351283,0.6712110081550609
0.4971276003144397,0.6708718733117097,0.6702186478286907,0.6696685868911436
0.5004816653263635,0.6693007448325382,0.6686687834545536,0.6681467258209342
0.5038357323095746,0.6677531486758927,0.6671474025650479,0.6666493053068399
0.507189797663113,0.6662219129366411,0.6656354324370787,0.6651616301533367
0.510543864786878,0.6646974730747209,0.6641301164105734,0.6636801297862672
0.5138979335731809,0.6631751246995811,0.6626328236602008,0.6621990016386066
0.5172519997982458,0.6616691494723079,0.66114764415425,0.6607349183049677
0.5206060669594763,0.6601837867854864,0.6596727524683528,0.659269441893763
0.523960134165648,0.6587119399926835,0.6582190170244137,0.6578489552067177
0.5273142013594275,0.6572701484799156,0.6567893099297397,0.6564122386908384
0.5306682697963264,0.6558296842642484,0.6553750797439984,0.6550364298759369
0.5340223377019047,0.6544327994210903,0.6539838217437767,0.65365627938411
0.5373764065969759,0.6530381724923711,0.6526075644682232,0.6522855381658714
0.5407304746566631,0.6516573507360154,0.6512393020280013,0.6509458794939998
0.5440845434114089,0.650279973720548,0.6498766305672421,0.6495745848313011
0.5474386130862097,0.6489151333592699,0.6485244527295743,0.648253293500123
0.5507926820314133,0.6475826139855175,0.6471975531724184,0.6469337210497532
0.5541467514512363,0.6462597357945836,0.6458912061784501,0.645635962750649
0.557500820778327,0.6449606548570038,0.6445980718172742,0.6443520383003281
0.5608548905657474,0.6436538837980447,0.6433005726828942,0.6430702451515726
0.5642089615928079,0.6423647104207593,0.6420310427070576,0.6418011472444559
0.5675630319501825,0.6410989398752867,0.6407782655069625,0.640559622997887
0.5709171020673757,0.6398682479377935,0.6395501207388632,0.6393401668318094
0.5742711724214838,0.6386292350073763,0.6383303868133596,0.6381276896075704
0.5776252430584574,0.6374057450809463,0.637104057713881,0.6369136693813271
0.5809793143280068,0.6361836365062044,0.6358977140489382,0.6357099930031734
0.5843333851911715,0.6349717507641234,0.6346904311476181,0.6345205602824084
0.5876874563999703,0.6337956482647361,0.6335240492165896,0.6333508326998167
0.5910415278910103,0.6326161621620184,0.6323595971663495,0.632200804226361
0.5943955993054639,0.6314682629534836,0.6312154575511253,0.6310623907482351
0.5977496712324243,0.6303165239864998,0.6300757036003334,0.629936221437204
0.6011037424856608,0.6291728424542212,0.6289435777840257,0.6288090539753539
0.6044578146081454,0.6280345423853915,0.6278027049636685,0.6276849928469371
0.6078118868213882,0.6268997363170122,0.6266913678233157,0.6265644111100043
0.6111659587112536,0.6257789963145934,0.6255634376196815,0.6254620113825337
0.6145200310568184,0.6246703945430392,0.6244842528230333,0.6243682988458553
0.6178741035052673,0.6235803854536883,0.6233890919597576,0.6232966296655355
0.6212281759961608,0.6225050740633153,0.6223370943513965,0.6222412252966724
0.6245822483736811,0.621432917460383,0.6212675792520941,0.6211819909315199
0.6279363207160378,0.6203618543503425,0.6202100453389122,0.6201343243228817
0.6312903937425282,0.61927883198615,0.6191367053368166,0.6190602527612568
0.6346444668352038,0.61821299509125,0.6180736946967617,0.6180085731908526
0.6379985393706462,0.6171473040326527,0.617024877928167,0.6169577447749847
0.6413526126956879,0.6161058570382602,0.6159862366042197,0.6159293912068059
0.6447066855833399,0.615057631568557,0.614955750587025,0.6149059473611346
0.6480607591210531,0.6140400015275687,0.6139362015851005,0.6138921226259128
0.6514148324317262,0.6129972032742871,0.6129202739777165,0.6128885929389041
0.6547689058173506,0.6119954661003959,0.6119072284445447,0.6118798549741751
0.6581229795108797,0.610947660573379,0.6108958473791629,0.610873482491194
0.6614770526602476,0.6099522172631135,0.6098769997911173,0.6098696929534878
0.6648311254863886,0.6089120629593128,0.6088843103800278,0.6088683692930664
0.668185198932005,0.6079159787399248,0.607857721508822,0.6078715108846543
0.6715392724129682,0.606896270408493,0.6068804306430053,0.6068814249556994
0.6748933459633956,0.6059081901473399,0.6058821935493763,0.605902713574462
0.6782474196539754,0.60490153718234,0.6048957318070979,0.6049203867565038
0.6816014930659429,0.6039189699130355,0.6039188602624415,0.6039484320462225
0.6849555673072649,0.6029073936407958,0.6029175958413963,0.6029591504848156
0.6883096415776293,0.6019374433584326,0.6019567333924455,0.6020011048740587
0.6916637154555888,0.6009370406674315,0.6009696378881766,0.6010237882961349
0.6950177891884346,0.599979317437885,0.6000154804265236,0.6000800577952548
0.6983718626348715,0.5989793055950938,0.5990393033047453,0.5991036842911188
0.7017259366148275,0.5980085628886207,0.598058307521668,0.5981435186782225
0.7050800106385775,0.5970102256537528,0.5970903972232204,0.5971630232542477
0.708434084477366,0.5960289369617991,0.5961059653296156,0.5962084893517886
0.7117881585138146,0.5950578540389587,0.5951456625946263,0.5952321436907233
0.715142232889792,0.5940710128367788,0.5941840200449404,0.5942926030364543
0.7184963071760295,0.5931304809663626,0.5932283125623333,0.5933360793100093
0.7218503811163927,0.5921462227767417,0.5922778353937926,0.59240945482053
0.7252044548996657,0.5911902825417897,0.5913168034544564,0.5914277296650456
0.7285585293445946,0.5901951970705268,0.5903386150875642,0.5904855729436476
0.7319126038560807,0.5892198419294864,0.5893678815115222,0.5894946525155645
0.7352666781150533,0.5882393647062705,0.588404450692628,0.5885602143798376
0.7386207524143635,0.5872836581641474,0.5874481422465455,0.587596118763756
0.7419748266762642,0.5863115589688203,0.5865030418419133,0.5866636490310526
0.7453289010412163,0.5853599734946731,0.5855407221235911,0.5857150255569312
0.7486829755372711,0.584394379214792,0.5846030142440817,0.5847707151945599
0.752037049996988,0.5834311183888773,0.5836396756126515,0.5838307077554364
0.7553911244882309,0.5824757268426412,0.5826939118973908,0.5828793234272575
0.7587451987470615,0.5814924423033616,0.581731997644549,0.5819299746904433
0.762099273167103,0.5805394540449843,0.5807676950056456,0.5809724632552545
0.7654533478326853,0.5795455813727617,0.5798071099806028,0.580014764312595
0.7688074226052314,0.5786057111209312,0.5788513374758105,0.5790706764784073
0.772161497153674,0.5776347454310039,0.5779126131184705,0.5781365767641551
0.775515571354685,0.5766803169348814,0.576958073999918,0.5771866647216697
0.7788696458194379,0.5757237026881058,0.5760017252308488,0.5762471540755073
0.7822237207613677,0.5747184483651286,0.5750270009109978,0.5752652613026659
0.7855777954529456,0.573760049442758,0.5740722169036689,0.5743286314283078
0.7889318699845083,0.5728036426005988,0.5731091810552565,0.5733682095341072
0.7922859442891784,0.5718179173003404,0.5721637910335374,0.572429173900343
0.7956400188292407,0.5708756685459974,0.5711958648348215,0.5714718414220046
0.7989940938403768,0.5698751775297601,0.5702401735625539,0.5705183016977662
0.8023481687674924,0.5689338452734559,0.5692778544758618,0.5695614760700485
0.8057022434123886,0.5679401252224308,0.5683083726102862,0.5686081861183018
0.8090563177011701,0.5669743076767851,0.5673572105207736,0.567646100767009
0.8124103922398668,0.5660048551750803,0.5663645994943557,0.5666800649200986
0.8157644674776549,0.56498314750804,0.5654054978401553,0.5657004521545975
0.819118542493243,0.5640246676880071,0.5644128250021389,0.5647464775719169
0.8224726170203588,0.5630383654754619,0.5634634573202463,0.5637674149171276
0.8258266914476159,0.5620582708180509,0.5624708161517922,0.5628203037832815
0.8291807665128381,0.5610527099526115,0.5614894534102959,0.5618129094981882
0.8325348414765334,0.5600639223844459,0.5604920013591039,0.560845324343476
0.8358889161004649,0.5590356412664464,0.5594902939452595,0.5598335061373702
0.8392429910190161,0.5580520228608976,0.5584936426542811,0.5588518932878578
0.8425970660303169,0.5570322655012626,0.5574990791554724,0.557864673556255
0.8459511407622228,0.5560465747570636,0.5565034644077698,0.5568703469572666
0.8493052154628847,0.5550260559192861,0.5555123305226836,0.5558922728210276
0.8526592905363877,0.5540110800455728,0.5544806889978555,0.5548588788025896
0.856013365794173,0.5529718365271995,0.5534726552488819,0.5538564855438831
0.8593674406299003,0.5519554263758832,0.5524317894213634,0.5528277472348259
0.8627215151829685,0.5509089710001808,0.5514229646188968,0.5518076410616181
0.866075590052649,0.549867176368273,0.5503649331062694,0.5507747732482438
0.869429665109649,0.5488154456539436,0.5493312010953375,0.5497261234528659
0.8727837398733792,0.5477591711621511,0.5482644097047268,0.5486798967681088
0.8761378149267147,0.5466935819581371,0.5472160381643627,0.5476199468709351
0.8794918902359558,0.5456303261066185,0.5461440735017454,0.5465670310038995
0.8828459650847051,0.5445621030974528,0.5450850365499489,0.5454931859472412
0.8862000398310561,0.5434582870416557,0.5439857474983011,0.5444034951797275
0.889554114890557,0.54234763118655,0.5428692129017821,0.543288618926876
0.8929081898786956,0.541251229912826,0.5417626547819513,0.5421819877227637
0.8962622645169709,0.5401489928541002,0.5406729306828036,0.5410988968937498
0.8996163392316159,0.5390294508093986,0.5395552235760157,0.5399743089761574
0.9029704145693724,0.5378690358927102,0.5384009559229189,0.5388244377868305
0.9063244894685046,0.5367332757598791,0.5372564526530071,0.5376784971047105
0.9096785640649495,0.5355970875173436,0.536105715378625,0.5365339985455597
0.9130326393526454,0.5344145980147827,0.5349340471879912,0.5353576338623963
0.9163867147701448,0.5332242434829043,0.5337306372238304,0.5341501628652975
0.9197407897729224,0.5320530823799764,0.5325494842841968,0.532961372319979
0.9230948650864242,0.5308527693096396,0.5313361095471246,0.531755337477816
0.9264489399799964,0.5296592993412852,0.530150251855831,0.5305471630959919
0.9298030149415402,0.5284401274540258,0.5289003022152656,0.5293019948823021
0.9331570901490024,0.5271930568827695,0.5276433739848879,0.5280312813448135
0.9365111649524448,0.5259464717278663,0.5264160743713939,0.5267771935428031
0.9398652398947126,0.5247007533367682,0.5250948582792005,0.5254900308230028
0.9432193145347445,0.5234373080268996,0.5238501520886999,0.5241836427243971
0.9465733895915063,0.5221467236525964,0.522520328742239,0.5228888271942786
0.9499274643024683,0.520875143202216,0.5212411871792211,0.521556327690133
0.9532815384714416,0.5195832794223806,0.5199339575647302,0.5202546131680199
0.9566356135427511,0.5182791091247838,0.5185978346808728,0.5188915045992418
0.9599896877270676,0.51697876323794,0.5172819366956044,0.5175867516633034
0.9633437624537406,0.5156698877849119,0.5159558459298357,0.516179104101068
0.9666978370880278,0.5143557384896695,0.5146093951591699,0.5148557075496052
0.9700519118751221,0.513069982189611,0.5132918149652496,0.5135002216711343
0.9734059864429331,0.5118072721585613,0.5119990140948157,0.5121906235311874
0.9767600613418772,0.510598863343464,0.5107652246444139,0.510940153632341
0.9801141362638567,0.5094259054406226,0.5095758715637152,0.509734101126259
0.9834682110904895,0.5083980276178293,0.5085380551011185,0.5086874156980261
0.9876461986365299,0.5081968859914884,0.5084497453991536,0.5086483523160559
0.9884701324565289,0.5077945021612277,0.5080398888074172,0.5082500524232085
0.989294064208561,0.5079321654261899,0.5082448538421105,0.5084922908524027
0.9901179217033507,0.5083863260811614,0.5087825614060878,0.5090805477987649
0.9909416010972841,0.5084911450825319,0.5088599524369305,0.5091182611388625
0.9917651247178604,0.5070574132601378,0.5071655028705366,0.507218345983364
0.9925885438109598,0.5046537897100664,0.5043998020301123,0.5041877665235945
0.99341187623436,0.502465561279752,0.5019315390837342,0.5015406949415565
0.9942351729968462,0.5008419909407964,0.5001417797669707,0.4996678930856806
0.9950585004782001,0.5000393465518286,0.4992404578903766,0.49876785701717935
0.9958819022184909,0.500194702382049,0.4993898445169841,0.49897798715629815
0.9967053906480788,0.5008131265828647,0.5001020017761897,0.49974142323388
0.9975289589943589,0.5009309941751036,0.5002889857799275,0.4999329951355302
0.9983525528447664,0.5000167900709952,0.4993425215081931,0.49893592279657334
0.9991762680875044,0.4981587956831387,0.4973591144733874,0.4968471335179359
1.0,0.4961285599772588,0.4952106686572976,0.49460878049824925
